module,source_table,grain,metric,factor,level,n_subjects,n_trials,n_rows,mean,sd,se,ci95_low,ci95_high,median,iqr,note
sample_qc,realdata_run_summary.json,run,participants,overall,all,56,672,1,,,,,,,,Participant count from run summary or participants table.
sample_qc,05_multimodal_fusion/analysis_qc_exclusions.csv,scene_trial,analysis_scene_trials_total,overall,all,56,672,672,,,,,,,,Scene-trial QC count.
sample_qc,05_multimodal_fusion/analysis_qc_exclusions.csv,scene_trial,analysis_scene_trials_kept,overall,all,56,453,453,,,,,,,,Scene-trial QC count.
sample_qc,05_multimodal_fusion/analysis_qc_exclusions.csv,scene_trial,analysis_scene_trials_excluded,overall,all,56,219,219,,,,,,,,Scene-trial QC count.
sample_qc,05_multimodal_fusion/analysis_qc_exclusions.csv,scene_trial,exclusion_bad_eeg_quality,overall,all,35,201,201,,,,,,,,Exclusion reason counts can overlap.
sample_qc,05_multimodal_fusion/analysis_qc_exclusions.csv,scene_trial,exclusion_duration_mismatch,overall,all,13,23,23,,,,,,,,Exclusion reason counts can overlap.
sample_qc,05_multimodal_fusion/analysis_qc_exclusions.csv,scene_trial,exclusion_missing_questionnaire,overall,all,0,0,0,,,,,,,,Exclusion reason counts can overlap.
sample_qc,05_multimodal_fusion/analysis_qc_exclusions.csv,scene_trial,exclusion_missing_eye,overall,all,0,0,0,,,,,,,,Exclusion reason counts can overlap.
sample_qc,05_multimodal_fusion/analysis_qc_exclusions.csv,scene_trial,exclusion_missing_eeg,overall,all,0,0,0,,,,,,,,Exclusion reason counts can overlap.
sample_qc,05_multimodal_fusion/analysis_qc_exclusions.csv,scene_trial,exclusion_scene_count_mismatch,overall,all,0,0,0,,,,,,,,Exclusion reason counts can overlap.
questionnaire,02_questionnaire/questionnaire_long.csv,scene_trial,S1,overall,all,56,672,672,5.395833333333333,1.276118096776321,0.04922732431995883,5.299347777666214,5.492318889000452,6.0,1.0,Questionnaire scene-level descriptive result; IPQ_mean is participant-level information repeated on scene rows.
questionnaire,02_questionnaire/questionnaire_long.csv,scene_trial,S1,WWR,WWR=15,56,224,224,5.535714285714286,1.1860820034458588,0.07924843731272917,5.380387348581336,5.691041222847235,6.0,1.0,Questionnaire scene-level descriptive result; IPQ_mean is participant-level information repeated on scene rows.
questionnaire,02_questionnaire/questionnaire_long.csv,scene_trial,S1,WWR,WWR=45,56,224,224,5.258928571428571,1.3542527978981584,0.09048482115740933,5.081578321960049,5.436278820897093,5.0,1.0,Questionnaire scene-level descriptive result; IPQ_mean is participant-level information repeated on scene rows.
questionnaire,02_questionnaire/questionnaire_long.csv,scene_trial,S1,WWR,WWR=75,56,224,224,5.392857142857143,1.2730891271582918,0.08506184529738237,5.2261359260742735,5.559578359640013,5.0,1.0,Questionnaire scene-level descriptive result; IPQ_mean is participant-level information repeated on scene rows.
questionnaire,02_questionnaire/questionnaire_long.csv,scene_trial,S1,Complexity,Complexity=0,56,336,336,5.285714285714286,1.3096329992599196,0.07144633752048365,5.145679464174138,5.4257491072544335,5.0,1.0,Questionnaire scene-level descriptive result; IPQ_mean is participant-level information repeated on scene rows.
questionnaire,02_questionnaire/questionnaire_long.csv,scene_trial,S1,Complexity,Complexity=1,56,336,336,5.505952380952381,1.2338365058218985,0.06731129979915086,5.374022233346046,5.637882528558717,6.0,1.0,Questionnaire scene-level descriptive result; IPQ_mean is participant-level information repeated on scene rows.
questionnaire,02_questionnaire/questionnaire_long.csv,scene_trial,S1,ExperienceGroup,ExperienceGroup=High,26,312,312,5.519230769230769,1.2133827914818796,0.06869427342105965,5.384589993325492,5.653871545136046,6.0,1.0,Questionnaire scene-level descriptive result; IPQ_mean is participant-level information repeated on scene rows.
questionnaire,02_questionnaire/questionnaire_long.csv,scene_trial,S1,ExperienceGroup,ExperienceGroup=Low,30,360,360,5.288888888888889,1.3204577955574135,0.06959423646810656,5.1524841854114,5.425293592366377,5.0,1.0,Questionnaire scene-level descriptive result; IPQ_mean is participant-level information repeated on scene rows.
questionnaire,02_questionnaire/questionnaire_long.csv,scene_trial,S1,WWR:Complexity,WWR=15;Complexity=0,56,112,112,5.366071428571429,1.2663029519128375,0.1196543819724411,5.131548839905444,5.600594017237413,6.0,1.0,Questionnaire scene-level descriptive result; IPQ_mean is participant-level information repeated on scene rows.
questionnaire,02_questionnaire/questionnaire_long.csv,scene_trial,S1,WWR:Complexity,WWR=15;Complexity=1,56,112,112,5.705357142857143,1.0791921641467415,0.10197407439935265,5.505487957034412,5.905226328679874,6.0,1.0,Questionnaire scene-level descriptive result; IPQ_mean is participant-level information repeated on scene rows.
questionnaire,02_questionnaire/questionnaire_long.csv,scene_trial,S1,WWR:Complexity,WWR=45;Complexity=0,56,112,112,5.232142857142857,1.342192255781582,0.1268252471583879,4.983565372712416,5.4807203415732975,5.0,2.0,Questionnaire scene-level descriptive result; IPQ_mean is participant-level information repeated on scene rows.
questionnaire,02_questionnaire/questionnaire_long.csv,scene_trial,S1,WWR:Complexity,WWR=45;Complexity=1,56,112,112,5.285714285714286,1.3717127547689718,0.12961467211907243,5.031669528360903,5.539759043067668,5.0,1.0,Questionnaire scene-level descriptive result; IPQ_mean is participant-level information repeated on scene rows.
questionnaire,02_questionnaire/questionnaire_long.csv,scene_trial,S1,WWR:Complexity,WWR=75;Complexity=0,56,112,112,5.258928571428571,1.3270948811900465,0.12539867935055973,5.013147159901474,5.504709982955668,5.0,1.0,Questionnaire scene-level descriptive result; IPQ_mean is participant-level information repeated on scene rows.
questionnaire,02_questionnaire/questionnaire_long.csv,scene_trial,S1,WWR:Complexity,WWR=75;Complexity=1,56,112,112,5.526785714285714,1.2077812389814313,0.11412459987551204,5.303101498529711,5.750469930041718,6.0,1.0,Questionnaire scene-level descriptive result; IPQ_mean is participant-level information repeated on scene rows.
questionnaire,02_questionnaire/questionnaire_long.csv,scene_trial,S1,WWR:ExperienceGroup,WWR=15;ExperienceGroup=High,26,104,104,5.596153846153846,1.178440888444507,0.11555563626527231,5.369664799073912,5.8226428932337795,6.0,1.0,Questionnaire scene-level descriptive result; IPQ_mean is participant-level information repeated on scene rows.
questionnaire,02_questionnaire/questionnaire_long.csv,scene_trial,S1,WWR:ExperienceGroup,WWR=15;ExperienceGroup=Low,30,120,120,5.483333333333333,1.1951114243143233,0.10909824763818049,5.2695007679625,5.697165898704167,6.0,1.0,Questionnaire scene-level descriptive result; IPQ_mean is participant-level information repeated on scene rows.
questionnaire,02_questionnaire/questionnaire_long.csv,scene_trial,S1,WWR:ExperienceGroup,WWR=45;ExperienceGroup=High,26,104,104,5.403846153846154,1.2734726680599562,0.12487426893201507,5.159092586739405,5.6485997209529035,6.0,1.0,Questionnaire scene-level descriptive result; IPQ_mean is participant-level information repeated on scene rows.
questionnaire,02_questionnaire/questionnaire_long.csv,scene_trial,S1,WWR:ExperienceGroup,WWR=45;ExperienceGroup=Low,30,120,120,5.133333333333334,1.413817368623235,0.12906327749792373,4.880369309437404,5.386297357229264,5.0,2.0,Questionnaire scene-level descriptive result; IPQ_mean is participant-level information repeated on scene rows.
questionnaire,02_questionnaire/questionnaire_long.csv,scene_trial,S1,WWR:ExperienceGroup,WWR=75;ExperienceGroup=High,26,104,104,5.5576923076923075,1.18916567861774,0.11660728846474352,5.3291420223014105,5.786242593083204,6.0,1.0,Questionnaire scene-level descriptive result; IPQ_mean is participant-level information repeated on scene rows.
questionnaire,02_questionnaire/questionnaire_long.csv,scene_trial,S1,WWR:ExperienceGroup,WWR=75;ExperienceGroup=Low,30,120,120,5.25,1.330002843239521,0.12141209313138217,5.012032297462491,5.487967702537509,5.0,1.0,Questionnaire scene-level descriptive result; IPQ_mean is participant-level information repeated on scene rows.
questionnaire,02_questionnaire/questionnaire_long.csv,scene_trial,S2,overall,all,56,672,672,5.510416666666667,1.3702867102022773,0.052859957448186404,5.406811150068221,5.614022183265113,6.0,2.0,Questionnaire scene-level descriptive result; IPQ_mean is participant-level information repeated on scene rows.
questionnaire,02_questionnaire/questionnaire_long.csv,scene_trial,S2,WWR,WWR=15,56,224,224,5.776785714285714,1.254300737273938,0.08380649319387556,5.612524987625719,5.94104644094571,6.0,2.0,Questionnaire scene-level descriptive result; IPQ_mean is participant-level information repeated on scene rows.
questionnaire,02_questionnaire/questionnaire_long.csv,scene_trial,S2,WWR,WWR=45,56,224,224,5.330357142857143,1.4479823157328988,0.09674738799250068,5.1407322623918414,5.519982023322445,6.0,2.0,Questionnaire scene-level descriptive result; IPQ_mean is participant-level information repeated on scene rows.
questionnaire,02_questionnaire/questionnaire_long.csv,scene_trial,S2,WWR,WWR=75,56,224,224,5.424107142857143,1.3669871644428273,0.09133567181183339,5.24508922610595,5.603125059608336,6.0,3.0,Questionnaire scene-level descriptive result; IPQ_mean is participant-level information repeated on scene rows.
questionnaire,02_questionnaire/questionnaire_long.csv,scene_trial,S2,Complexity,Complexity=0,56,336,336,5.476190476190476,1.344762669855683,0.07336281817100687,5.332399352575303,5.61998159980565,6.0,2.0,Questionnaire scene-level descriptive result; IPQ_mean is participant-level information repeated on scene rows.
questionnaire,02_questionnaire/questionnaire_long.csv,scene_trial,S2,Complexity,Complexity=1,56,336,336,5.544642857142857,1.3965098897137214,0.07618586045675667,5.395318570647614,5.693967143638099,6.0,2.0,Questionnaire scene-level descriptive result; IPQ_mean is participant-level information repeated on scene rows.
questionnaire,02_questionnaire/questionnaire_long.csv,scene_trial,S2,ExperienceGroup,ExperienceGroup=High,26,312,312,5.676282051282051,1.2984092260385462,0.07350794737824524,5.532206474420691,5.8203576281434115,6.0,2.0,Questionnaire scene-level descriptive result; IPQ_mean is participant-level information repeated on scene rows.
questionnaire,02_questionnaire/questionnaire_long.csv,scene_trial,S2,ExperienceGroup,ExperienceGroup=Low,30,360,360,5.366666666666666,1.4157884109260588,0.07461860105661275,5.220414208595705,5.5129191247376275,6.0,2.25,Questionnaire scene-level descriptive result; IPQ_mean is participant-level information repeated on scene rows.
questionnaire,02_questionnaire/questionnaire_long.csv,scene_trial,S2,WWR:Complexity,WWR=15;Complexity=0,56,112,112,5.732142857142857,1.2733027414169307,0.12031579991021363,5.496323889318838,5.967961824966875,6.0,2.0,Questionnaire scene-level descriptive result; IPQ_mean is participant-level information repeated on scene rows.
questionnaire,02_questionnaire/questionnaire_long.csv,scene_trial,S2,WWR:Complexity,WWR=15;Complexity=1,56,112,112,5.821428571428571,1.2391095736021636,0.1170848492468075,5.591942266904828,6.050914875952314,6.0,2.0,Questionnaire scene-level descriptive result; IPQ_mean is participant-level information repeated on scene rows.
questionnaire,02_questionnaire/questionnaire_long.csv,scene_trial,S2,WWR:Complexity,WWR=45;Complexity=0,56,112,112,5.303571428571429,1.3939333531593945,0.1317143213092189,5.04541135880536,5.5617314983374975,6.0,2.0,Questionnaire scene-level descriptive result; IPQ_mean is participant-level information repeated on scene rows.
questionnaire,02_questionnaire/questionnaire_long.csv,scene_trial,S2,WWR:Complexity,WWR=45;Complexity=1,56,112,112,5.357142857142857,1.5058872028463046,0.1422929657587857,5.078248644255637,5.636037070030077,6.0,2.25,Questionnaire scene-level descriptive result; IPQ_mean is participant-level information repeated on scene rows.
questionnaire,02_questionnaire/questionnaire_long.csv,scene_trial,S2,WWR:Complexity,WWR=75;Complexity=0,56,112,112,5.392857142857143,1.3379905792713154,0.12642822604639833,5.145057819806203,5.640656465908084,5.0,2.25,Questionnaire scene-level descriptive result; IPQ_mean is participant-level information repeated on scene rows.
questionnaire,02_questionnaire/questionnaire_long.csv,scene_trial,S2,WWR:Complexity,WWR=75;Complexity=1,56,112,112,5.455357142857143,1.400697335063155,0.1323534575231436,5.195944366111782,5.714769919602505,6.0,3.0,Questionnaire scene-level descriptive result; IPQ_mean is participant-level information repeated on scene rows.
questionnaire,02_questionnaire/questionnaire_long.csv,scene_trial,S2,WWR:ExperienceGroup,WWR=15;ExperienceGroup=High,26,104,104,5.913461538461538,1.2472149706335183,0.12229948986356466,5.673754538328952,6.153168538594125,6.0,1.0,Questionnaire scene-level descriptive result; IPQ_mean is participant-level information repeated on scene rows.
questionnaire,02_questionnaire/questionnaire_long.csv,scene_trial,S2,WWR:ExperienceGroup,WWR=15;ExperienceGroup=Low,30,120,120,5.658333333333333,1.2535384092309925,0.11443187723915946,5.43404685394458,5.882619812722086,6.0,2.0,Questionnaire scene-level descriptive result; IPQ_mean is participant-level information repeated on scene rows.
questionnaire,02_questionnaire/questionnaire_long.csv,scene_trial,S2,WWR:ExperienceGroup,WWR=45;ExperienceGroup=High,26,104,104,5.519230769230769,1.3364259627811483,0.1310473473594827,5.262377968406183,5.776083570055356,6.0,2.0,Questionnaire scene-level descriptive result; IPQ_mean is participant-level information repeated on scene rows.
questionnaire,02_questionnaire/questionnaire_long.csv,scene_trial,S2,WWR:ExperienceGroup,WWR=45;ExperienceGroup=Low,30,120,120,5.166666666666667,1.5247721049352903,0.1391920128212821,4.893850321536954,5.43948301179638,6.0,2.0,Questionnaire scene-level descriptive result; IPQ_mean is participant-level information repeated on scene rows.
questionnaire,02_questionnaire/questionnaire_long.csv,scene_trial,S2,WWR:ExperienceGroup,WWR=75;ExperienceGroup=High,26,104,104,5.596153846153846,1.28863012061338,0.12636057943867401,5.348487110454045,5.843820581853647,6.0,2.0,Questionnaire scene-level descriptive result; IPQ_mean is participant-level information repeated on scene rows.
questionnaire,02_questionnaire/questionnaire_long.csv,scene_trial,S2,WWR:ExperienceGroup,WWR=75;ExperienceGroup=Low,30,120,120,5.275,1.4199212902792304,0.1296204867612959,5.02094384594786,5.529056154052141,5.5,2.0,Questionnaire scene-level descriptive result; IPQ_mean is participant-level information repeated on scene rows.
questionnaire,02_questionnaire/questionnaire_long.csv,scene_trial,S3,overall,all,56,672,672,5.282738095238095,1.4922950457546416,0.0575665311729436,5.169907694139125,5.395568496337065,6.0,2.0,Questionnaire scene-level descriptive result; IPQ_mean is participant-level information repeated on scene rows.
questionnaire,02_questionnaire/questionnaire_long.csv,scene_trial,S3,WWR,WWR=15,56,224,224,5.401785714285714,1.4638227577078258,0.09780577204116585,5.21008640108503,5.593485027486399,6.0,3.0,Questionnaire scene-level descriptive result; IPQ_mean is participant-level information repeated on scene rows.
questionnaire,02_questionnaire/questionnaire_long.csv,scene_trial,S3,WWR,WWR=45,56,224,224,5.366071428571429,1.5033328338145402,0.10044565004324958,5.16919795448666,5.562944902656198,6.0,3.0,Questionnaire scene-level descriptive result; IPQ_mean is participant-level information repeated on scene rows.
questionnaire,02_questionnaire/questionnaire_long.csv,scene_trial,S3,WWR,WWR=75,56,224,224,5.080357142857143,1.4952144460210404,0.09990321744224522,4.884546836670342,5.276167449043944,5.0,2.0,Questionnaire scene-level descriptive result; IPQ_mean is participant-level information repeated on scene rows.
questionnaire,02_questionnaire/questionnaire_long.csv,scene_trial,S3,Complexity,Complexity=0,56,336,336,5.258928571428571,1.538048011095547,0.08390739801573362,5.094470071317733,5.423387071539409,6.0,3.0,Questionnaire scene-level descriptive result; IPQ_mean is participant-level information repeated on scene rows.
questionnaire,02_questionnaire/questionnaire_long.csv,scene_trial,S3,Complexity,Complexity=1,56,336,336,5.306547619047619,1.4469995670280587,0.07894029817231435,5.151824634629882,5.461270603465355,6.0,2.0,Questionnaire scene-level descriptive result; IPQ_mean is participant-level information repeated on scene rows.
questionnaire,02_questionnaire/questionnaire_long.csv,scene_trial,S3,ExperienceGroup,ExperienceGroup=High,26,312,312,5.467948717948718,1.4717920996186786,0.08332381967168423,5.304634031392217,5.631263404505219,6.0,2.0,Questionnaire scene-level descriptive result; IPQ_mean is participant-level information repeated on scene rows.
questionnaire,02_questionnaire/questionnaire_long.csv,scene_trial,S3,ExperienceGroup,ExperienceGroup=Low,30,360,360,5.122222222222222,1.4933671570648868,0.07870735998692424,4.967955796647851,5.276488647796593,5.0,2.0,Questionnaire scene-level descriptive result; IPQ_mean is participant-level information repeated on scene rows.
questionnaire,02_questionnaire/questionnaire_long.csv,scene_trial,S3,WWR:Complexity,WWR=15;Complexity=0,56,112,112,5.473214285714286,1.5361108105004735,0.14514882824364708,5.188722582356737,5.757705989071834,6.0,2.0,Questionnaire scene-level descriptive result; IPQ_mean is participant-level information repeated on scene rows.
questionnaire,02_questionnaire/questionnaire_long.csv,scene_trial,S3,WWR:Complexity,WWR=15;Complexity=1,56,112,112,5.330357142857143,1.3910161743941,0.13143867382554433,5.072737342159076,5.58797694355521,6.0,2.0,Questionnaire scene-level descriptive result; IPQ_mean is participant-level information repeated on scene rows.
questionnaire,02_questionnaire/questionnaire_long.csv,scene_trial,S3,WWR:Complexity,WWR=45;Complexity=0,56,112,112,5.330357142857143,1.5327558226411706,0.14483181168909864,5.04648679194651,5.6142274937677765,6.0,3.0,Questionnaire scene-level descriptive result; IPQ_mean is participant-level information repeated on scene rows.
questionnaire,02_questionnaire/questionnaire_long.csv,scene_trial,S3,WWR:Complexity,WWR=45;Complexity=1,56,112,112,5.401785714285714,1.4793462241697348,0.13978507900412598,5.127806959437628,5.675764469133801,6.0,2.0,Questionnaire scene-level descriptive result; IPQ_mean is participant-level information repeated on scene rows.
questionnaire,02_questionnaire/questionnaire_long.csv,scene_trial,S3,WWR:Complexity,WWR=75;Complexity=0,56,112,112,4.973214285714286,1.515444937658033,0.1431960868091049,4.69254995556844,5.253878615860131,5.0,2.0,Questionnaire scene-level descriptive result; IPQ_mean is participant-level information repeated on scene rows.
questionnaire,02_questionnaire/questionnaire_long.csv,scene_trial,S3,WWR:Complexity,WWR=75;Complexity=1,56,112,112,5.1875,1.473680506159403,0.13924971897362748,4.91457055081169,5.46042944918831,5.0,2.0,Questionnaire scene-level descriptive result; IPQ_mean is participant-level information repeated on scene rows.
questionnaire,02_questionnaire/questionnaire_long.csv,scene_trial,S3,WWR:ExperienceGroup,WWR=15;ExperienceGroup=High,26,104,104,5.528846153846154,1.5762603572905225,0.1545650446216752,5.225898666387671,5.831793641304637,6.0,2.0,Questionnaire scene-level descriptive result; IPQ_mean is participant-level information repeated on scene rows.
questionnaire,02_questionnaire/questionnaire_long.csv,scene_trial,S3,WWR:ExperienceGroup,WWR=15;ExperienceGroup=Low,30,120,120,5.291666666666667,1.3559444804908751,0.12378022978157932,5.0490574162947714,5.5342759170385625,5.0,2.0,Questionnaire scene-level descriptive result; IPQ_mean is participant-level information repeated on scene rows.
questionnaire,02_questionnaire/questionnaire_long.csv,scene_trial,S3,WWR:ExperienceGroup,WWR=45;ExperienceGroup=High,26,104,104,5.5576923076923075,1.4061371936332865,0.13788309594470624,5.287441439640683,5.827943175743932,6.0,2.0,Questionnaire scene-level descriptive result; IPQ_mean is participant-level information repeated on scene rows.
questionnaire,02_questionnaire/questionnaire_long.csv,scene_trial,S3,WWR:ExperienceGroup,WWR=45;ExperienceGroup=Low,30,120,120,5.2,1.569670521548547,0.14329065875050634,4.919150308849008,5.4808496911509925,6.0,2.0,Questionnaire scene-level descriptive result; IPQ_mean is participant-level information repeated on scene rows.
questionnaire,02_questionnaire/questionnaire_long.csv,scene_trial,S3,WWR:ExperienceGroup,WWR=75;ExperienceGroup=High,26,104,104,5.3173076923076925,1.4296745714093222,0.140191125725068,5.042533085886559,5.592082298728826,5.0,2.25,Questionnaire scene-level descriptive result; IPQ_mean is participant-level information repeated on scene rows.
questionnaire,02_questionnaire/questionnaire_long.csv,scene_trial,S3,WWR:ExperienceGroup,WWR=75;ExperienceGroup=Low,30,120,120,4.875,1.5260345712352137,0.13930725969970847,4.601957770988571,5.148042229011429,5.0,2.0,Questionnaire scene-level descriptive result; IPQ_mean is participant-level information repeated on scene rows.
questionnaire,02_questionnaire/questionnaire_long.csv,scene_trial,S4,overall,all,56,672,672,5.276785714285714,1.4914150039720038,0.0575325828241517,5.164021851950377,5.389549576621052,6.0,2.0,Questionnaire scene-level descriptive result; IPQ_mean is participant-level information repeated on scene rows.
questionnaire,02_questionnaire/questionnaire_long.csv,scene_trial,S4,WWR,WWR=15,56,224,224,5.486607142857143,1.4392945167538573,0.09616691000634466,5.298119999244708,5.675094286469578,6.0,2.0,Questionnaire scene-level descriptive result; IPQ_mean is participant-level information repeated on scene rows.
questionnaire,02_questionnaire/questionnaire_long.csv,scene_trial,S4,WWR,WWR=45,56,224,224,5.0,1.527035875486369,0.10202937613182832,4.800022422781616,5.199977577218384,5.0,2.0,Questionnaire scene-level descriptive result; IPQ_mean is participant-level information repeated on scene rows.
questionnaire,02_questionnaire/questionnaire_long.csv,scene_trial,S4,WWR,WWR=75,56,224,224,5.34375,1.4709919321920129,0.09828478266019854,5.1511118259860105,5.5363881740139895,6.0,1.0,Questionnaire scene-level descriptive result; IPQ_mean is participant-level information repeated on scene rows.
questionnaire,02_questionnaire/questionnaire_long.csv,scene_trial,S4,Complexity,Complexity=0,56,336,336,5.226190476190476,1.4990639107078252,0.08178064098089442,5.065900419867924,5.386480532513029,5.0,2.0,Questionnaire scene-level descriptive result; IPQ_mean is participant-level information repeated on scene rows.
questionnaire,02_questionnaire/questionnaire_long.csv,scene_trial,S4,Complexity,Complexity=1,56,336,336,5.3273809523809526,1.4842336534468437,0.08097158411810733,5.1686766475094625,5.486085257252443,6.0,2.0,Questionnaire scene-level descriptive result; IPQ_mean is participant-level information repeated on scene rows.
questionnaire,02_questionnaire/questionnaire_long.csv,scene_trial,S4,ExperienceGroup,ExperienceGroup=High,26,312,312,5.365384615384615,1.41914578927237,0.08034330926480553,5.2079117292255965,5.522857501543633,6.0,1.0,Questionnaire scene-level descriptive result; IPQ_mean is participant-level information repeated on scene rows.
questionnaire,02_questionnaire/questionnaire_long.csv,scene_trial,S4,ExperienceGroup,ExperienceGroup=Low,30,360,360,5.2,1.5491933384829668,0.08164965809277261,5.039966670138166,5.360033329861834,5.0,3.0,Questionnaire scene-level descriptive result; IPQ_mean is participant-level information repeated on scene rows.
questionnaire,02_questionnaire/questionnaire_long.csv,scene_trial,S4,WWR:Complexity,WWR=15;Complexity=0,56,112,112,5.303571428571429,1.4997854844465255,0.1417164075639299,5.025807269746126,5.581335587396731,6.0,2.0,Questionnaire scene-level descriptive result; IPQ_mean is participant-level information repeated on scene rows.
questionnaire,02_questionnaire/questionnaire_long.csv,scene_trial,S4,WWR:Complexity,WWR=15;Complexity=1,56,112,112,5.669642857142857,1.3582473660331196,0.12834231247971975,5.4180919246826065,5.921193789603107,6.0,2.0,Questionnaire scene-level descriptive result; IPQ_mean is participant-level information repeated on scene rows.
questionnaire,02_questionnaire/questionnaire_long.csv,scene_trial,S4,WWR:Complexity,WWR=45;Complexity=0,56,112,112,5.053571428571429,1.52362350055011,0.14396888836247407,4.771392407380979,5.335750449761878,5.0,2.0,Questionnaire scene-level descriptive result; IPQ_mean is participant-level information repeated on scene rows.
questionnaire,02_questionnaire/questionnaire_long.csv,scene_trial,S4,WWR:Complexity,WWR=45;Complexity=1,56,112,112,4.946428571428571,1.5354037278398822,0.145082015212351,4.662067821612363,5.230789321244779,5.0,2.0,Questionnaire scene-level descriptive result; IPQ_mean is participant-level information repeated on scene rows.
questionnaire,02_questionnaire/questionnaire_long.csv,scene_trial,S4,WWR:Complexity,WWR=75;Complexity=0,56,112,112,5.321428571428571,1.4717415418554871,0.13906650406829918,5.048858223454705,5.593998919402438,6.0,1.0,Questionnaire scene-level descriptive result; IPQ_mean is participant-level information repeated on scene rows.
questionnaire,02_questionnaire/questionnaire_long.csv,scene_trial,S4,WWR:Complexity,WWR=75;Complexity=1,56,112,112,5.366071428571429,1.4765160827433417,0.13951765577593392,5.092616823250598,5.63952603389226,6.0,1.5,Questionnaire scene-level descriptive result; IPQ_mean is participant-level information repeated on scene rows.
questionnaire,02_questionnaire/questionnaire_long.csv,scene_trial,S4,WWR:ExperienceGroup,WWR=15;ExperienceGroup=High,26,104,104,5.528846153846154,1.4070331712627129,0.13797095377963292,5.258423084438074,5.799269223254234,6.0,2.0,Questionnaire scene-level descriptive result; IPQ_mean is participant-level information repeated on scene rows.
questionnaire,02_questionnaire/questionnaire_long.csv,scene_trial,S4,WWR:ExperienceGroup,WWR=15;ExperienceGroup=Low,30,120,120,5.45,1.4715794978482797,0.13433621435560464,5.1867010198630155,5.713298980136985,6.0,3.0,Questionnaire scene-level descriptive result; IPQ_mean is participant-level information repeated on scene rows.
questionnaire,02_questionnaire/questionnaire_long.csv,scene_trial,S4,WWR:ExperienceGroup,WWR=45;ExperienceGroup=High,26,104,104,5.125,1.4393060625688938,0.14113557113598438,4.848374280573471,5.401625719426529,5.0,2.0,Questionnaire scene-level descriptive result; IPQ_mean is participant-level information repeated on scene rows.
questionnaire,02_questionnaire/questionnaire_long.csv,scene_trial,S4,WWR:ExperienceGroup,WWR=45;ExperienceGroup=Low,30,120,120,4.891666666666667,1.5972446513263008,0.14580782089764813,4.605883337707276,5.177449995626057,5.0,2.0,Questionnaire scene-level descriptive result; IPQ_mean is participant-level information repeated on scene rows.
questionnaire,02_questionnaire/questionnaire_long.csv,scene_trial,S4,WWR:ExperienceGroup,WWR=75;ExperienceGroup=High,26,104,104,5.4423076923076925,1.3922596222912536,0.13652228811635428,5.174724007599638,5.709891377015747,6.0,1.0,Questionnaire scene-level descriptive result; IPQ_mean is participant-level information repeated on scene rows.
questionnaire,02_questionnaire/questionnaire_long.csv,scene_trial,S4,WWR:ExperienceGroup,WWR=75;ExperienceGroup=Low,30,120,120,5.258333333333334,1.5366439111921544,0.14027575550215135,4.983392852549117,5.533273814117551,5.0,3.0,Questionnaire scene-level descriptive result; IPQ_mean is participant-level information repeated on scene rows.
questionnaire,02_questionnaire/questionnaire_long.csv,scene_trial,S5,overall,all,56,672,672,6.529761904761905,1.7373793418546712,0.06702086315077756,6.3984010129863815,6.661122796537429,7.0,3.0,Questionnaire scene-level descriptive result; IPQ_mean is participant-level information repeated on scene rows.
questionnaire,02_questionnaire/questionnaire_long.csv,scene_trial,S5,WWR,WWR=15,56,224,224,6.78125,1.640684055631549,0.10962281457350025,6.56638928343594,6.99611071656406,7.0,2.0,Questionnaire scene-level descriptive result; IPQ_mean is participant-level information repeated on scene rows.
questionnaire,02_questionnaire/questionnaire_long.csv,scene_trial,S5,WWR,WWR=45,56,224,224,6.227678571428571,1.758245651397959,0.11747772909493452,5.997422222402499,6.457934920454643,6.0,3.0,Questionnaire scene-level descriptive result; IPQ_mean is participant-level information repeated on scene rows.
questionnaire,02_questionnaire/questionnaire_long.csv,scene_trial,S5,WWR,WWR=75,56,224,224,6.580357142857143,1.7724265389579796,0.11842522950011242,6.348243693036923,6.812470592677363,7.0,3.0,Questionnaire scene-level descriptive result; IPQ_mean is participant-level information repeated on scene rows.
questionnaire,02_questionnaire/questionnaire_long.csv,scene_trial,S5,Complexity,Complexity=0,56,336,336,6.511904761904762,1.727695714081293,0.09425352842414653,6.327167846193435,6.696641677616089,7.0,3.0,Questionnaire scene-level descriptive result; IPQ_mean is participant-level information repeated on scene rows.
questionnaire,02_questionnaire/questionnaire_long.csv,scene_trial,S5,Complexity,Complexity=1,56,336,336,6.5476190476190474,1.7494033910425946,0.09543777929125144,6.360561000208195,6.7346770950299,7.0,3.0,Questionnaire scene-level descriptive result; IPQ_mean is participant-level information repeated on scene rows.
questionnaire,02_questionnaire/questionnaire_long.csv,scene_trial,S5,ExperienceGroup,ExperienceGroup=High,26,312,312,6.602564102564102,1.7112432710912673,0.09688007278455582,6.412679159906372,6.792449045221832,7.0,2.0,Questionnaire scene-level descriptive result; IPQ_mean is participant-level information repeated on scene rows.
questionnaire,02_questionnaire/questionnaire_long.csv,scene_trial,S5,ExperienceGroup,ExperienceGroup=Low,30,360,360,6.466666666666667,1.759653042529568,0.0927418584339762,6.284892624136074,6.64844070919726,7.0,3.0,Questionnaire scene-level descriptive result; IPQ_mean is participant-level information repeated on scene rows.
questionnaire,02_questionnaire/questionnaire_long.csv,scene_trial,S5,WWR:Complexity,WWR=15;Complexity=0,56,112,112,6.589285714285714,1.6415416365901125,0.15511110489912155,6.285267948683436,6.893303479887993,7.0,2.25,Questionnaire scene-level descriptive result; IPQ_mean is participant-level information repeated on scene rows.
questionnaire,02_questionnaire/questionnaire_long.csv,scene_trial,S5,WWR:Complexity,WWR=15;Complexity=1,56,112,112,6.973214285714286,1.6244739768354868,0.15349836264295708,6.67235749493409,7.274071076494481,7.0,2.0,Questionnaire scene-level descriptive result; IPQ_mean is participant-level information repeated on scene rows.
questionnaire,02_questionnaire/questionnaire_long.csv,scene_trial,S5,WWR:Complexity,WWR=45;Complexity=0,56,112,112,6.321428571428571,1.796965839710435,0.16979731165543452,5.98862584058392,6.654231302273223,7.0,3.0,Questionnaire scene-level descriptive result; IPQ_mean is participant-level information repeated on scene rows.
questionnaire,02_questionnaire/questionnaire_long.csv,scene_trial,S5,WWR:Complexity,WWR=45;Complexity=1,56,112,112,6.133928571428571,1.7215933103911407,0.1626752770745496,5.815085028362454,6.452772114494689,6.0,2.0,Questionnaire scene-level descriptive result; IPQ_mean is participant-level information repeated on scene rows.
questionnaire,02_questionnaire/questionnaire_long.csv,scene_trial,S5,WWR:Complexity,WWR=75;Complexity=0,56,112,112,6.625,1.7404824846229505,0.16446013627057599,6.302658132909671,6.947341867090329,7.0,2.0,Questionnaire scene-level descriptive result; IPQ_mean is participant-level information repeated on scene rows.
questionnaire,02_questionnaire/questionnaire_long.csv,scene_trial,S5,WWR:Complexity,WWR=75;Complexity=1,56,112,112,6.535714285714286,1.8105226532668068,0.17107831012831412,6.20040079786279,6.871027773565781,7.0,3.0,Questionnaire scene-level descriptive result; IPQ_mean is participant-level information repeated on scene rows.
questionnaire,02_questionnaire/questionnaire_long.csv,scene_trial,S5,WWR:ExperienceGroup,WWR=15;ExperienceGroup=High,26,104,104,6.826923076923077,1.726111898252117,0.1692591971506198,6.495175050507862,7.158671103338292,7.0,2.0,Questionnaire scene-level descriptive result; IPQ_mean is participant-level information repeated on scene rows.
questionnaire,02_questionnaire/questionnaire_long.csv,scene_trial,S5,WWR:ExperienceGroup,WWR=15;ExperienceGroup=Low,30,120,120,6.741666666666666,1.569112757560264,0.14323974209748191,6.460916772155602,7.022416561177731,7.0,2.0,Questionnaire scene-level descriptive result; IPQ_mean is participant-level information repeated on scene rows.
questionnaire,02_questionnaire/questionnaire_long.csv,scene_trial,S5,WWR:ExperienceGroup,WWR=45;ExperienceGroup=High,26,104,104,6.3173076923076925,1.691006611671567,0.16581684058707186,5.992306684757032,6.642308699858353,6.5,2.0,Questionnaire scene-level descriptive result; IPQ_mean is participant-level information repeated on scene rows.
questionnaire,02_questionnaire/questionnaire_long.csv,scene_trial,S5,WWR:ExperienceGroup,WWR=45;ExperienceGroup=Low,30,120,120,6.15,1.8179774522272611,0.16595787660344025,5.824722561857257,6.475277438142744,6.0,3.0,Questionnaire scene-level descriptive result; IPQ_mean is participant-level information repeated on scene rows.
questionnaire,02_questionnaire/questionnaire_long.csv,scene_trial,S5,WWR:ExperienceGroup,WWR=75;ExperienceGroup=High,26,104,104,6.663461538461538,1.6929928513206585,0.1660116074087909,6.338078787940308,6.988844288982769,7.0,2.0,Questionnaire scene-level descriptive result; IPQ_mean is participant-level information repeated on scene rows.
questionnaire,02_questionnaire/questionnaire_long.csv,scene_trial,S5,WWR:ExperienceGroup,WWR=75;ExperienceGroup=Low,30,120,120,6.508333333333334,1.8425221722362184,0.1681984927395326,6.1786642875638496,6.838002379102818,7.0,3.0,Questionnaire scene-level descriptive result; IPQ_mean is participant-level information repeated on scene rows.
questionnaire,02_questionnaire/questionnaire_long.csv,scene_trial,S5_7,overall,all,56,672,672,5.147321428571429,1.3030345063910034,0.05026564736308317,5.048800759739786,5.245842097403072,5.5,2.25,Questionnaire scene-level descriptive result; IPQ_mean is participant-level information repeated on scene rows.
questionnaire,02_questionnaire/questionnaire_long.csv,scene_trial,S5_7,WWR,WWR=15,56,224,224,5.3359375,1.2305130417236616,0.08221711093012517,5.174791962576955,5.497083037423045,5.5,1.5,Questionnaire scene-level descriptive result; IPQ_mean is participant-level information repeated on scene rows.
questionnaire,02_questionnaire/questionnaire_long.csv,scene_trial,S5_7,WWR,WWR=45,56,224,224,4.920758928571429,1.3186842385484694,0.0881082968212009,4.748066666801875,5.093451190340983,4.75,2.25,Questionnaire scene-level descriptive result; IPQ_mean is participant-level information repeated on scene rows.
questionnaire,02_questionnaire/questionnaire_long.csv,scene_trial,S5_7,WWR,WWR=75,56,224,224,5.185267857142857,1.3293199042184847,0.08881892212508431,5.011182769777691,5.359352944508022,5.5,2.25,Questionnaire scene-level descriptive result; IPQ_mean is participant-level information repeated on scene rows.
questionnaire,02_questionnaire/questionnaire_long.csv,scene_trial,S5_7,Complexity,Complexity=0,56,336,336,5.133928571428571,1.2957717855609698,0.0706901463181099,4.9953758846450755,5.272481258212067,5.5,2.25,Questionnaire scene-level descriptive result; IPQ_mean is participant-level information repeated on scene rows.
questionnaire,02_questionnaire/questionnaire_long.csv,scene_trial,S5_7,Complexity,Complexity=1,56,336,336,5.160714285714286,1.312052543281946,0.07157833446843859,5.020420750156146,5.301007821272425,5.5,2.25,Questionnaire scene-level descriptive result; IPQ_mean is participant-level information repeated on scene rows.
questionnaire,02_questionnaire/questionnaire_long.csv,scene_trial,S5_7,ExperienceGroup,ExperienceGroup=High,26,312,312,5.201923076923077,1.2834324533184505,0.07266005458841686,5.0595093699297795,5.344336783916374,5.5,1.5,Questionnaire scene-level descriptive result; IPQ_mean is participant-level information repeated on scene rows.
questionnaire,02_questionnaire/questionnaire_long.csv,scene_trial,S5_7,ExperienceGroup,ExperienceGroup=Low,30,360,360,5.1,1.319739781897176,0.06955639382548215,4.963669468102054,5.236330531897945,5.5,2.25,Questionnaire scene-level descriptive result; IPQ_mean is participant-level information repeated on scene rows.
questionnaire,02_questionnaire/questionnaire_long.csv,scene_trial,S5_7,WWR:Complexity,WWR=15;Complexity=0,56,112,112,5.191964285714286,1.2311562274425842,0.11633332867434115,4.963950961512577,5.419977609915994,5.5,1.6875,Questionnaire scene-level descriptive result; IPQ_mean is participant-level information repeated on scene rows.
questionnaire,02_questionnaire/questionnaire_long.csv,scene_trial,S5_7,WWR:Complexity,WWR=15;Complexity=1,56,112,112,5.479910714285714,1.2183554826266152,0.11512377198221782,5.2542681212005675,5.705553307370861,5.5,1.5,Questionnaire scene-level descriptive result; IPQ_mean is participant-level information repeated on scene rows.
questionnaire,02_questionnaire/questionnaire_long.csv,scene_trial,S5_7,WWR:Complexity,WWR=45;Complexity=0,56,112,112,4.991071428571429,1.3477243797828264,0.1273479837415759,4.74146938043794,5.2406734767049175,5.5,2.25,Questionnaire scene-level descriptive result; IPQ_mean is participant-level information repeated on scene rows.
questionnaire,02_questionnaire/questionnaire_long.csv,scene_trial,S5_7,WWR:Complexity,WWR=45;Complexity=1,56,112,112,4.850446428571429,1.2911949827933555,0.12200645780591221,4.611313771271841,5.089579085871017,4.75,1.5,Questionnaire scene-level descriptive result; IPQ_mean is participant-level information repeated on scene rows.
questionnaire,02_questionnaire/questionnaire_long.csv,scene_trial,S5_7,WWR:Complexity,WWR=75;Complexity=0,56,112,112,5.21875,1.3053618634672128,0.12334510220293197,4.976993599682253,5.460506400317747,5.5,1.5,Questionnaire scene-level descriptive result; IPQ_mean is participant-level information repeated on scene rows.
questionnaire,02_questionnaire/questionnaire_long.csv,scene_trial,S5_7,WWR:Complexity,WWR=75;Complexity=1,56,112,112,5.151785714285714,1.357891989950105,0.12830873259623557,4.900300598397092,5.403270830174336,5.5,2.25,Questionnaire scene-level descriptive result; IPQ_mean is participant-level information repeated on scene rows.
questionnaire,02_questionnaire/questionnaire_long.csv,scene_trial,S5_7,WWR:ExperienceGroup,WWR=15;ExperienceGroup=High,26,104,104,5.3701923076923075,1.294583923689088,0.12694439786296485,5.121381287880896,5.619003327503719,5.5,1.5,Questionnaire scene-level descriptive result; IPQ_mean is participant-level information repeated on scene rows.
questionnaire,02_questionnaire/questionnaire_long.csv,scene_trial,S5_7,WWR:ExperienceGroup,WWR=15;ExperienceGroup=Low,30,120,120,5.30625,1.176834568170198,0.10742980657311142,5.095687579116702,5.516812420883299,5.5,1.5,Questionnaire scene-level descriptive result; IPQ_mean is participant-level information repeated on scene rows.
questionnaire,02_questionnaire/questionnaire_long.csv,scene_trial,S5_7,WWR:ExperienceGroup,WWR=45;ExperienceGroup=High,26,104,104,4.987980769230769,1.268254958753675,0.12436263044030389,4.7442300135677735,5.231731524893765,5.125,1.5,Questionnaire scene-level descriptive result; IPQ_mean is participant-level information repeated on scene rows.
questionnaire,02_questionnaire/questionnaire_long.csv,scene_trial,S5_7,WWR:ExperienceGroup,WWR=45;ExperienceGroup=Low,30,120,120,4.8625,1.3634830891704457,0.12446840745258016,4.618541921392943,5.106458078607057,4.75,2.25,Questionnaire scene-level descriptive result; IPQ_mean is participant-level information repeated on scene rows.
questionnaire,02_questionnaire/questionnaire_long.csv,scene_trial,S5_7,WWR:ExperienceGroup,WWR=75;ExperienceGroup=High,26,104,104,5.247596153846154,1.2697446384904938,0.12450870555659316,5.003559090955232,5.4916332167370765,5.5,1.5,Questionnaire scene-level descriptive result; IPQ_mean is participant-level information repeated on scene rows.
questionnaire,02_questionnaire/questionnaire_long.csv,scene_trial,S5_7,WWR:ExperienceGroup,WWR=75;ExperienceGroup=Low,30,120,120,5.13125,1.3818916291771637,0.12614886955464946,4.883998215672887,5.378501784327113,5.5,2.25,Questionnaire scene-level descriptive result; IPQ_mean is participant-level information repeated on scene rows.
questionnaire,02_questionnaire/questionnaire_long.csv,scene_trial,Afford4,overall,all,56,672,672,5.3664434523809526,1.2726785065366208,0.04909463924583817,5.27021795945911,5.462668945302795,5.75,2.0,Questionnaire scene-level descriptive result; IPQ_mean is participant-level information repeated on scene rows.
questionnaire,02_questionnaire/questionnaire_long.csv,scene_trial,Afford4,WWR,WWR=15,56,224,224,5.550223214285714,1.1894481684662215,0.07947334867368523,5.3944554508852915,5.705990977686137,5.75,1.5625,Questionnaire scene-level descriptive result; IPQ_mean is participant-level information repeated on scene rows.
questionnaire,02_questionnaire/questionnaire_long.csv,scene_trial,Afford4,WWR,WWR=45,56,224,224,5.238839285714286,1.3219806078072105,0.08832854475667418,5.065715337991204,5.411963233437367,5.5,1.8125,Questionnaire scene-level descriptive result; IPQ_mean is participant-level information repeated on scene rows.
questionnaire,02_questionnaire/questionnaire_long.csv,scene_trial,Afford4,WWR,WWR=75,56,224,224,5.310267857142857,1.2875505718285458,0.08602809121298734,5.141652798365402,5.478882915920312,5.375,1.75,Questionnaire scene-level descriptive result; IPQ_mean is participant-level information repeated on scene rows.
questionnaire,02_questionnaire/questionnaire_long.csv,scene_trial,Afford4,Complexity,Complexity=0,56,336,336,5.3117559523809526,1.2836876264701327,0.07003090139259026,5.1744953856514755,5.44901651911043,5.5,2.0,Questionnaire scene-level descriptive result; IPQ_mean is participant-level information repeated on scene rows.
questionnaire,02_questionnaire/questionnaire_long.csv,scene_trial,Afford4,Complexity,Complexity=1,56,336,336,5.4211309523809526,1.2611117699209378,0.06879928744598132,5.286284348986829,5.555977555775076,5.75,1.5625,Questionnaire scene-level descriptive result; IPQ_mean is participant-level information repeated on scene rows.
questionnaire,02_questionnaire/questionnaire_long.csv,scene_trial,Afford4,ExperienceGroup,ExperienceGroup=High,26,312,312,5.507211538461538,1.1960832032357018,0.06771487709749441,5.3744903793504495,5.639932697572627,5.75,1.5,Questionnaire scene-level descriptive result; IPQ_mean is participant-level information repeated on scene rows.
questionnaire,02_questionnaire/questionnaire_long.csv,scene_trial,Afford4,ExperienceGroup,ExperienceGroup=Low,30,360,360,5.2444444444444445,1.325099343402405,0.06983886751908688,5.107560264107034,5.381328624781855,5.5,1.8125,Questionnaire scene-level descriptive result; IPQ_mean is participant-level information repeated on scene rows.
questionnaire,02_questionnaire/questionnaire_long.csv,scene_trial,Afford4,WWR:Complexity,WWR=15;Complexity=0,56,112,112,5.46875,1.243055031288161,0.11745765995557456,5.2385329864870736,5.6989670135129264,5.75,1.75,Questionnaire scene-level descriptive result; IPQ_mean is participant-level information repeated on scene rows.
questionnaire,02_questionnaire/questionnaire_long.csv,scene_trial,Afford4,WWR:Complexity,WWR=15;Complexity=1,56,112,112,5.631696428571429,1.1330218610621718,0.1070605026560744,5.421857843365523,5.841535013777334,6.0,1.5,Questionnaire scene-level descriptive result; IPQ_mean is participant-level information repeated on scene rows.
questionnaire,02_questionnaire/questionnaire_long.csv,scene_trial,Afford4,WWR:Complexity,WWR=45;Complexity=0,56,112,112,5.229910714285714,1.3023447292318742,0.1230600098151175,4.988713095048084,5.471108333523345,5.5,2.0,Questionnaire scene-level descriptive result; IPQ_mean is participant-level information repeated on scene rows.
questionnaire,02_questionnaire/questionnaire_long.csv,scene_trial,Afford4,WWR:Complexity,WWR=45;Complexity=1,56,112,112,5.247767857142857,1.3471255416268653,0.12729139885456697,4.998276715387905,5.4972589988978084,5.5,1.75,Questionnaire scene-level descriptive result; IPQ_mean is participant-level information repeated on scene rows.
questionnaire,02_questionnaire/questionnaire_long.csv,scene_trial,Afford4,WWR:Complexity,WWR=75;Complexity=0,56,112,112,5.236607142857143,1.301782944758394,0.12300692617200158,4.99551356756002,5.477700718154266,5.25,1.75,Questionnaire scene-level descriptive result; IPQ_mean is participant-level information repeated on scene rows.
questionnaire,02_questionnaire/questionnaire_long.csv,scene_trial,Afford4,WWR:Complexity,WWR=75;Complexity=1,56,112,112,5.383928571428571,1.2747233277929617,0.12045003270545879,5.147846507325872,5.62001063553127,5.75,1.75,Questionnaire scene-level descriptive result; IPQ_mean is participant-level information repeated on scene rows.
questionnaire,02_questionnaire/questionnaire_long.csv,scene_trial,Afford4,WWR:ExperienceGroup,WWR=15;ExperienceGroup=High,26,104,104,5.641826923076923,1.187395587170998,0.11643371671805543,5.413616838309535,5.870037007844312,6.0,1.25,Questionnaire scene-level descriptive result; IPQ_mean is participant-level information repeated on scene rows.
questionnaire,02_questionnaire/questionnaire_long.csv,scene_trial,Afford4,WWR:ExperienceGroup,WWR=15;ExperienceGroup=Low,30,120,120,5.470833333333333,1.1904660363712614,0.10867418367738423,5.25783193332566,5.683834733341007,5.75,1.75,Questionnaire scene-level descriptive result; IPQ_mean is participant-level information repeated on scene rows.
questionnaire,02_questionnaire/questionnaire_long.csv,scene_trial,Afford4,WWR:ExperienceGroup,WWR=45;ExperienceGroup=High,26,104,104,5.4014423076923075,1.201949402250911,0.11786083570054959,5.170435069719231,5.632449545665384,5.75,1.25,Questionnaire scene-level descriptive result; IPQ_mean is participant-level information repeated on scene rows.
questionnaire,02_questionnaire/questionnaire_long.csv,scene_trial,Afford4,WWR:ExperienceGroup,WWR=45;ExperienceGroup=Low,30,120,120,5.097916666666666,1.4076232401727777,0.12849783351852376,4.84606091297036,5.349772420362973,5.25,2.0625,Questionnaire scene-level descriptive result; IPQ_mean is participant-level information repeated on scene rows.
questionnaire,02_questionnaire/questionnaire_long.csv,scene_trial,Afford4,WWR:ExperienceGroup,WWR=75;ExperienceGroup=High,26,104,104,5.478365384615385,1.1977479762923717,0.11744885199002061,5.248165634714945,5.708565134515825,6.0,1.5,Questionnaire scene-level descriptive result; IPQ_mean is participant-level information repeated on scene rows.
questionnaire,02_questionnaire/questionnaire_long.csv,scene_trial,Afford4,WWR:ExperienceGroup,WWR=75;ExperienceGroup=Low,30,120,120,5.164583333333334,1.348628245387773,0.12311235194791595,4.923283123515419,5.405883543151249,5.25,1.8125,Questionnaire scene-level descriptive result; IPQ_mean is participant-level information repeated on scene rows.
questionnaire,02_questionnaire/questionnaire_long.csv,scene_trial,Bmean,overall,all,56,112,112,4.669642857142857,1.3924546676391307,0.13157459866086565,4.41175664376756,4.927529070518154,4.666666666666667,2.3333333333333335,Questionnaire scene-level descriptive result; IPQ_mean is participant-level information repeated on scene rows.
questionnaire,02_questionnaire/questionnaire_long.csv,scene_trial,Bmean,WWR,WWR=15,0,0,0,,,,,,,,Questionnaire scene-level descriptive result; IPQ_mean is participant-level information repeated on scene rows.
questionnaire,02_questionnaire/questionnaire_long.csv,scene_trial,Bmean,WWR,WWR=45,0,0,0,,,,,,,,Questionnaire scene-level descriptive result; IPQ_mean is participant-level information repeated on scene rows.
questionnaire,02_questionnaire/questionnaire_long.csv,scene_trial,Bmean,WWR,WWR=75,56,112,112,4.669642857142857,1.3924546676391307,0.13157459866086565,4.41175664376756,4.927529070518154,4.666666666666667,2.3333333333333335,Questionnaire scene-level descriptive result; IPQ_mean is participant-level information repeated on scene rows.
questionnaire,02_questionnaire/questionnaire_long.csv,scene_trial,Bmean,Complexity,Complexity=0,0,0,0,,,,,,,,Questionnaire scene-level descriptive result; IPQ_mean is participant-level information repeated on scene rows.
questionnaire,02_questionnaire/questionnaire_long.csv,scene_trial,Bmean,Complexity,Complexity=1,56,112,112,4.669642857142857,1.3924546676391307,0.13157459866086565,4.41175664376756,4.927529070518154,4.666666666666667,2.3333333333333335,Questionnaire scene-level descriptive result; IPQ_mean is participant-level information repeated on scene rows.
questionnaire,02_questionnaire/questionnaire_long.csv,scene_trial,Bmean,ExperienceGroup,ExperienceGroup=High,26,52,52,5.057692307692308,1.27096133626633,0.17625062565540317,4.7122410814077185,5.403143533976898,5.666666666666667,1.75,Questionnaire scene-level descriptive result; IPQ_mean is participant-level information repeated on scene rows.
questionnaire,02_questionnaire/questionnaire_long.csv,scene_trial,Bmean,ExperienceGroup,ExperienceGroup=Low,30,60,60,4.333333333333333,1.4155445871970087,0.18274602040093557,3.975151133347499,4.6915155333191665,4.333333333333333,2.083333333333333,Questionnaire scene-level descriptive result; IPQ_mean is participant-level information repeated on scene rows.
questionnaire,02_questionnaire/questionnaire_long.csv,scene_trial,Bmean,WWR:Complexity,WWR=15;Complexity=0,0,0,0,,,,,,,,Questionnaire scene-level descriptive result; IPQ_mean is participant-level information repeated on scene rows.
questionnaire,02_questionnaire/questionnaire_long.csv,scene_trial,Bmean,WWR:Complexity,WWR=15;Complexity=1,0,0,0,,,,,,,,Questionnaire scene-level descriptive result; IPQ_mean is participant-level information repeated on scene rows.
questionnaire,02_questionnaire/questionnaire_long.csv,scene_trial,Bmean,WWR:Complexity,WWR=45;Complexity=0,0,0,0,,,,,,,,Questionnaire scene-level descriptive result; IPQ_mean is participant-level information repeated on scene rows.
questionnaire,02_questionnaire/questionnaire_long.csv,scene_trial,Bmean,WWR:Complexity,WWR=45;Complexity=1,0,0,0,,,,,,,,Questionnaire scene-level descriptive result; IPQ_mean is participant-level information repeated on scene rows.
questionnaire,02_questionnaire/questionnaire_long.csv,scene_trial,Bmean,WWR:Complexity,WWR=75;Complexity=0,0,0,0,,,,,,,,Questionnaire scene-level descriptive result; IPQ_mean is participant-level information repeated on scene rows.
questionnaire,02_questionnaire/questionnaire_long.csv,scene_trial,Bmean,WWR:Complexity,WWR=75;Complexity=1,56,112,112,4.669642857142857,1.3924546676391307,0.13157459866086565,4.41175664376756,4.927529070518154,4.666666666666667,2.3333333333333335,Questionnaire scene-level descriptive result; IPQ_mean is participant-level information repeated on scene rows.
questionnaire,02_questionnaire/questionnaire_long.csv,scene_trial,Bmean,WWR:ExperienceGroup,WWR=15;ExperienceGroup=High,0,0,0,,,,,,,,Questionnaire scene-level descriptive result; IPQ_mean is participant-level information repeated on scene rows.
questionnaire,02_questionnaire/questionnaire_long.csv,scene_trial,Bmean,WWR:ExperienceGroup,WWR=15;ExperienceGroup=Low,0,0,0,,,,,,,,Questionnaire scene-level descriptive result; IPQ_mean is participant-level information repeated on scene rows.
questionnaire,02_questionnaire/questionnaire_long.csv,scene_trial,Bmean,WWR:ExperienceGroup,WWR=45;ExperienceGroup=High,0,0,0,,,,,,,,Questionnaire scene-level descriptive result; IPQ_mean is participant-level information repeated on scene rows.
questionnaire,02_questionnaire/questionnaire_long.csv,scene_trial,Bmean,WWR:ExperienceGroup,WWR=45;ExperienceGroup=Low,0,0,0,,,,,,,,Questionnaire scene-level descriptive result; IPQ_mean is participant-level information repeated on scene rows.
questionnaire,02_questionnaire/questionnaire_long.csv,scene_trial,Bmean,WWR:ExperienceGroup,WWR=75;ExperienceGroup=High,26,52,52,5.057692307692308,1.27096133626633,0.17625062565540317,4.7122410814077185,5.403143533976898,5.666666666666667,1.75,Questionnaire scene-level descriptive result; IPQ_mean is participant-level information repeated on scene rows.
questionnaire,02_questionnaire/questionnaire_long.csv,scene_trial,Bmean,WWR:ExperienceGroup,WWR=75;ExperienceGroup=Low,30,60,60,4.333333333333333,1.4155445871970087,0.18274602040093557,3.975151133347499,4.6915155333191665,4.333333333333333,2.083333333333333,Questionnaire scene-level descriptive result; IPQ_mean is participant-level information repeated on scene rows.
questionnaire,02_questionnaire/questionnaire_long.csv,scene_trial,IPQ_mean,overall,all,56,672,672,5.5476190476190474,0.7268290464109785,0.028038039177741687,5.492664490830673,5.6025736044074215,5.666666666666667,0.833333333333333,Questionnaire scene-level descriptive result; IPQ_mean is participant-level information repeated on scene rows.
questionnaire,02_questionnaire/questionnaire_long.csv,scene_trial,IPQ_mean,WWR,WWR=15,56,224,224,5.547619047619047,0.7279146766596671,0.04863584512258587,5.452292791178778,5.642945304059315,5.666666666666667,0.833333333333333,Questionnaire scene-level descriptive result; IPQ_mean is participant-level information repeated on scene rows.
questionnaire,02_questionnaire/questionnaire_long.csv,scene_trial,IPQ_mean,WWR,WWR=45,56,224,224,5.547619047619047,0.7279146766596671,0.04863584512258587,5.452292791178778,5.642945304059315,5.666666666666667,0.833333333333333,Questionnaire scene-level descriptive result; IPQ_mean is participant-level information repeated on scene rows.
questionnaire,02_questionnaire/questionnaire_long.csv,scene_trial,IPQ_mean,WWR,WWR=75,56,224,224,5.547619047619047,0.7279146766596671,0.04863584512258587,5.452292791178778,5.642945304059315,5.666666666666667,0.833333333333333,Questionnaire scene-level descriptive result; IPQ_mean is participant-level information repeated on scene rows.
questionnaire,02_questionnaire/questionnaire_long.csv,scene_trial,IPQ_mean,Complexity,Complexity=0,56,336,336,5.5476190476190474,0.7273712539063113,0.0396813551114359,5.469843591600633,5.6253945036374615,5.666666666666667,0.833333333333333,Questionnaire scene-level descriptive result; IPQ_mean is participant-level information repeated on scene rows.
questionnaire,02_questionnaire/questionnaire_long.csv,scene_trial,IPQ_mean,Complexity,Complexity=1,56,336,336,5.5476190476190474,0.7273712539063113,0.0396813551114359,5.469843591600633,5.6253945036374615,5.666666666666667,0.833333333333333,Questionnaire scene-level descriptive result; IPQ_mean is participant-level information repeated on scene rows.
questionnaire,02_questionnaire/questionnaire_long.csv,scene_trial,IPQ_mean,ExperienceGroup,ExperienceGroup=High,26,312,312,5.705128205128205,0.6470440534387472,0.0366316560894261,5.63333015919293,5.776926251063481,5.833333333333333,0.666666666666667,Questionnaire scene-level descriptive result; IPQ_mean is participant-level information repeated on scene rows.
questionnaire,02_questionnaire/questionnaire_long.csv,scene_trial,IPQ_mean,ExperienceGroup,ExperienceGroup=Low,30,360,360,5.411111111111111,0.7645018080727999,0.04029278314711582,5.332137256142764,5.490084966079459,5.5,1.0,Questionnaire scene-level descriptive result; IPQ_mean is participant-level information repeated on scene rows.
questionnaire,02_questionnaire/questionnaire_long.csv,scene_trial,IPQ_mean,WWR:Complexity,WWR=15;Complexity=0,56,112,112,5.547619047619047,0.7295522820514868,0.06893621095456733,5.412504074148095,5.682734021089998,5.666666666666667,0.833333333333333,Questionnaire scene-level descriptive result; IPQ_mean is participant-level information repeated on scene rows.
questionnaire,02_questionnaire/questionnaire_long.csv,scene_trial,IPQ_mean,WWR:Complexity,WWR=15;Complexity=1,56,112,112,5.547619047619047,0.7295522820514868,0.06893621095456733,5.412504074148095,5.682734021089998,5.666666666666667,0.833333333333333,Questionnaire scene-level descriptive result; IPQ_mean is participant-level information repeated on scene rows.
questionnaire,02_questionnaire/questionnaire_long.csv,scene_trial,IPQ_mean,WWR:Complexity,WWR=45;Complexity=0,56,112,112,5.547619047619047,0.7295522820514868,0.06893621095456733,5.412504074148095,5.682734021089998,5.666666666666667,0.833333333333333,Questionnaire scene-level descriptive result; IPQ_mean is participant-level information repeated on scene rows.
questionnaire,02_questionnaire/questionnaire_long.csv,scene_trial,IPQ_mean,WWR:Complexity,WWR=45;Complexity=1,56,112,112,5.547619047619047,0.7295522820514868,0.06893621095456733,5.412504074148095,5.682734021089998,5.666666666666667,0.833333333333333,Questionnaire scene-level descriptive result; IPQ_mean is participant-level information repeated on scene rows.
questionnaire,02_questionnaire/questionnaire_long.csv,scene_trial,IPQ_mean,WWR:Complexity,WWR=75;Complexity=0,56,112,112,5.547619047619047,0.7295522820514868,0.06893621095456733,5.412504074148095,5.682734021089998,5.666666666666667,0.833333333333333,Questionnaire scene-level descriptive result; IPQ_mean is participant-level information repeated on scene rows.
questionnaire,02_questionnaire/questionnaire_long.csv,scene_trial,IPQ_mean,WWR:Complexity,WWR=75;Complexity=1,56,112,112,5.547619047619047,0.7295522820514868,0.06893621095456733,5.412504074148095,5.682734021089998,5.666666666666667,0.833333333333333,Questionnaire scene-level descriptive result; IPQ_mean is participant-level information repeated on scene rows.
questionnaire,02_questionnaire/questionnaire_long.csv,scene_trial,IPQ_mean,WWR:ExperienceGroup,WWR=15;ExperienceGroup=High,26,104,104,5.705128205128205,0.6491346697212157,0.0636528913049632,5.580368538170477,5.8298878720859335,5.833333333333333,0.666666666666667,Questionnaire scene-level descriptive result; IPQ_mean is participant-level information repeated on scene rows.
questionnaire,02_questionnaire/questionnaire_long.csv,scene_trial,IPQ_mean,WWR:ExperienceGroup,WWR=15;ExperienceGroup=Low,30,120,120,5.411111111111111,0.766640278846006,0.06998436236933468,5.273941760867215,5.548280461355008,5.5,1.0,Questionnaire scene-level descriptive result; IPQ_mean is participant-level information repeated on scene rows.
questionnaire,02_questionnaire/questionnaire_long.csv,scene_trial,IPQ_mean,WWR:ExperienceGroup,WWR=45;ExperienceGroup=High,26,104,104,5.705128205128205,0.6491346697212157,0.0636528913049632,5.580368538170477,5.8298878720859335,5.833333333333333,0.666666666666667,Questionnaire scene-level descriptive result; IPQ_mean is participant-level information repeated on scene rows.
questionnaire,02_questionnaire/questionnaire_long.csv,scene_trial,IPQ_mean,WWR:ExperienceGroup,WWR=45;ExperienceGroup=Low,30,120,120,5.411111111111111,0.766640278846006,0.06998436236933468,5.273941760867215,5.548280461355008,5.5,1.0,Questionnaire scene-level descriptive result; IPQ_mean is participant-level information repeated on scene rows.
questionnaire,02_questionnaire/questionnaire_long.csv,scene_trial,IPQ_mean,WWR:ExperienceGroup,WWR=75;ExperienceGroup=High,26,104,104,5.705128205128205,0.6491346697212157,0.0636528913049632,5.580368538170477,5.8298878720859335,5.833333333333333,0.666666666666667,Questionnaire scene-level descriptive result; IPQ_mean is participant-level information repeated on scene rows.
questionnaire,02_questionnaire/questionnaire_long.csv,scene_trial,IPQ_mean,WWR:ExperienceGroup,WWR=75;ExperienceGroup=Low,30,120,120,5.411111111111111,0.766640278846006,0.06998436236933468,5.273941760867215,5.548280461355008,5.5,1.0,Questionnaire scene-level descriptive result; IPQ_mean is participant-level information repeated on scene rows.
eye_tracking,03_eye_tracking/eye_aoi_trial_long.csv,aoi_expanded_row,visited,overall,all,56,672,1680,0.8744047619047619,0.33149130136973837,0.008087559629713297,0.8585531450305238,0.890256378779,1.0,0.0,"Eye-tracking AOI-expanded descriptive result; n_trials is the participant-scene count, n_rows is AOI-expanded rows."
eye_tracking,03_eye_tracking/eye_aoi_trial_long.csv,aoi_expanded_row,visited,WWR,WWR=15,56,224,560,0.7875,0.4094424412554862,0.01730210106467524,0.7535878819132366,0.8214121180867634,1.0,0.0,"Eye-tracking AOI-expanded descriptive result; n_trials is the participant-scene count, n_rows is AOI-expanded rows."
eye_tracking,03_eye_tracking/eye_aoi_trial_long.csv,aoi_expanded_row,visited,WWR,WWR=45,56,224,560,0.8946428571428572,0.30728754043570955,0.01298526861121505,0.8691917306648757,0.9200939836208387,1.0,0.0,"Eye-tracking AOI-expanded descriptive result; n_trials is the participant-scene count, n_rows is AOI-expanded rows."
eye_tracking,03_eye_tracking/eye_aoi_trial_long.csv,aoi_expanded_row,visited,WWR,WWR=75,56,224,560,0.9410714285714286,0.2357015074481709,0.009960206593287339,0.9215494236485854,0.9605934334942717,1.0,0.0,"Eye-tracking AOI-expanded descriptive result; n_trials is the participant-scene count, n_rows is AOI-expanded rows."
eye_tracking,03_eye_tracking/eye_aoi_trial_long.csv,aoi_expanded_row,visited,Complexity,Complexity=0,56,336,672,0.8660714285714286,0.3408292433635739,0.013147773504011133,0.8403017925035667,0.8918410646392905,1.0,0.0,"Eye-tracking AOI-expanded descriptive result; n_trials is the participant-scene count, n_rows is AOI-expanded rows."
eye_tracking,03_eye_tracking/eye_aoi_trial_long.csv,aoi_expanded_row,visited,Complexity,Complexity=1,56,336,1008,0.8799603174603174,0.32516926829177534,0.01024186926072474,0.8598862537092969,0.9000343812113379,1.0,0.0,"Eye-tracking AOI-expanded descriptive result; n_trials is the participant-scene count, n_rows is AOI-expanded rows."
eye_tracking,03_eye_tracking/eye_aoi_trial_long.csv,aoi_expanded_row,visited,WWR:Complexity,WWR=15;Complexity=0,56,112,224,0.7633928571428571,0.42595090891995685,0.028460042227918408,0.7076111743761371,0.8191745399095771,1.0,0.0,"Eye-tracking AOI-expanded descriptive result; n_trials is the participant-scene count, n_rows is AOI-expanded rows."
eye_tracking,03_eye_tracking/eye_aoi_trial_long.csv,aoi_expanded_row,visited,WWR:Complexity,WWR=15;Complexity=1,56,112,336,0.8035714285714286,0.39788888528329486,0.02170661827371785,0.7610264567549416,0.8461164003879156,1.0,0.0,"Eye-tracking AOI-expanded descriptive result; n_trials is the participant-scene count, n_rows is AOI-expanded rows."
eye_tracking,03_eye_tracking/eye_aoi_trial_long.csv,aoi_expanded_row,visited,WWR:Complexity,WWR=45;Complexity=0,56,112,224,0.9107142857142857,0.28579435136969344,0.019095438319655014,0.8732872266077619,0.9481413448208095,1.0,0.0,"Eye-tracking AOI-expanded descriptive result; n_trials is the participant-scene count, n_rows is AOI-expanded rows."
eye_tracking,03_eye_tracking/eye_aoi_trial_long.csv,aoi_expanded_row,visited,WWR:Complexity,WWR=45;Complexity=1,56,112,336,0.8839285714285714,0.3207882748337117,0.017500435136664064,0.8496277185607098,0.918229424296433,1.0,0.0,"Eye-tracking AOI-expanded descriptive result; n_trials is the participant-scene count, n_rows is AOI-expanded rows."
eye_tracking,03_eye_tracking/eye_aoi_trial_long.csv,aoi_expanded_row,visited,WWR:Complexity,WWR=75;Complexity=0,56,112,224,0.9241071428571429,0.2654197236916193,0.01773410124546868,0.8893483044160243,0.9588659812982615,1.0,0.0,"Eye-tracking AOI-expanded descriptive result; n_trials is the participant-scene count, n_rows is AOI-expanded rows."
eye_tracking,03_eye_tracking/eye_aoi_trial_long.csv,aoi_expanded_row,visited,WWR:Complexity,WWR=75;Complexity=1,56,112,336,0.9523809523809523,0.21327646718989116,0.011635185176790975,0.929575989434442,0.9751859153274627,1.0,0.0,"Eye-tracking AOI-expanded descriptive result; n_trials is the participant-scene count, n_rows is AOI-expanded rows."
eye_tracking,03_eye_tracking/eye_aoi_trial_long.csv,aoi_expanded_row,FCR,overall,all,56,672,1680,0.28409785805916765,0.3104164915503763,0.007573386918711,0.2692540196984941,0.2989416964198412,0.16871261453987563,0.3859435238234745,"Eye-tracking AOI-expanded descriptive result; n_trials is the participant-scene count, n_rows is AOI-expanded rows."
eye_tracking,03_eye_tracking/eye_aoi_trial_long.csv,aoi_expanded_row,FCR,WWR,WWR=15,56,224,560,0.24047111953290487,0.3106104901946484,0.013125688867565865,0.21474476935247577,0.26619746971333397,0.0859971290727837,0.3833280669955447,"Eye-tracking AOI-expanded descriptive result; n_trials is the participant-scene count, n_rows is AOI-expanded rows."
eye_tracking,03_eye_tracking/eye_aoi_trial_long.csv,aoi_expanded_row,FCR,WWR,WWR=45,56,224,560,0.27891110778417455,0.303780807394824,0.012837082093729975,0.2537504268804638,0.3040717886878853,0.1665552014282937,0.3620076752435354,"Eye-tracking AOI-expanded descriptive result; n_trials is the participant-scene count, n_rows is AOI-expanded rows."
eye_tracking,03_eye_tracking/eye_aoi_trial_long.csv,aoi_expanded_row,FCR,WWR,WWR=75,56,224,560,0.3329113468604236,0.31038302954100055,0.013116076900605173,0.3072038361352375,0.35861885758560974,0.2496913069570303,0.3864733391043236,"Eye-tracking AOI-expanded descriptive result; n_trials is the participant-scene count, n_rows is AOI-expanded rows."
eye_tracking,03_eye_tracking/eye_aoi_trial_long.csv,aoi_expanded_row,FCR,Complexity,Complexity=0,56,336,672,0.3252219370415779,0.36184781749276856,0.013958582603901457,0.29786311513793107,0.3525807589452248,0.18201526486878083,0.46858192962691275,"Eye-tracking AOI-expanded descriptive result; n_trials is the participant-scene count, n_rows is AOI-expanded rows."
eye_tracking,03_eye_tracking/eye_aoi_trial_long.csv,aoi_expanded_row,FCR,Complexity,Complexity=1,56,336,1008,0.2566818054042276,0.2674589116298572,0.008424163882150037,0.2401704441952135,0.27319316661324167,0.16255449184591358,0.3575058668800989,"Eye-tracking AOI-expanded descriptive result; n_trials is the participant-scene count, n_rows is AOI-expanded rows."
eye_tracking,03_eye_tracking/eye_aoi_trial_long.csv,aoi_expanded_row,FCR,WWR:Complexity,WWR=15;Complexity=0,56,112,224,0.27088309828163737,0.37556511006971965,0.02509349943405241,0.22169983939089466,0.3200663571723801,0.06848604315854985,0.42524867511314113,"Eye-tracking AOI-expanded descriptive result; n_trials is the participant-scene count, n_rows is AOI-expanded rows."
eye_tracking,03_eye_tracking/eye_aoi_trial_long.csv,aoi_expanded_row,FCR,WWR:Complexity,WWR=15;Complexity=1,56,112,336,0.22019646703374987,0.257034984943226,0.014022408032787714,0.19271254728948595,0.2476803867780138,0.0994249071268643,0.35362608187671124,"Eye-tracking AOI-expanded descriptive result; n_trials is the participant-scene count, n_rows is AOI-expanded rows."
eye_tracking,03_eye_tracking/eye_aoi_trial_long.csv,aoi_expanded_row,FCR,WWR:Complexity,WWR=45;Complexity=0,56,112,224,0.3318399014888595,0.3513626178547231,0.02347640240236347,0.2858261527802271,0.3778536501974919,0.20134776810729424,0.4368688005490627,"Eye-tracking AOI-expanded descriptive result; n_trials is the participant-scene count, n_rows is AOI-expanded rows."
eye_tracking,03_eye_tracking/eye_aoi_trial_long.csv,aoi_expanded_row,FCR,WWR:Complexity,WWR=45;Complexity=1,56,112,336,0.24362524531438456,0.26207881562121715,0.014297571555102414,0.21560200506638383,0.2716484855623853,0.1510295019957431,0.3402088450106825,"Eye-tracking AOI-expanded descriptive result; n_trials is the participant-scene count, n_rows is AOI-expanded rows."
eye_tracking,03_eye_tracking/eye_aoi_trial_long.csv,aoi_expanded_row,FCR,WWR:Complexity,WWR=75;Complexity=0,56,112,224,0.3729428113542368,0.3523826677472552,0.02354455735263616,0.32679547894306993,0.41909014376540366,0.2829244933100019,0.45223786707390856,"Eye-tracking AOI-expanded descriptive result; n_trials is the participant-scene count, n_rows is AOI-expanded rows."
eye_tracking,03_eye_tracking/eye_aoi_trial_long.csv,aoi_expanded_row,FCR,WWR:Complexity,WWR=75;Complexity=1,56,112,336,0.3062237038645482,0.2762421526824345,0.015070244938152436,0.27668602378576945,0.335761383943327,0.2361108414462419,0.3236872713929287,"Eye-tracking AOI-expanded descriptive result; n_trials is the participant-scene count, n_rows is AOI-expanded rows."
eye_tracking,03_eye_tracking/eye_aoi_trial_long.csv,aoi_expanded_row,FC_rate,overall,all,56,672,1680,0.28409785805916765,0.3104164915503763,0.007573386918711,0.2692540196984941,0.2989416964198412,0.16871261453987563,0.3859435238234745,"Eye-tracking AOI-expanded descriptive result; n_trials is the participant-scene count, n_rows is AOI-expanded rows."
eye_tracking,03_eye_tracking/eye_aoi_trial_long.csv,aoi_expanded_row,FC_rate,WWR,WWR=15,56,224,560,0.24047111953290487,0.3106104901946484,0.013125688867565865,0.21474476935247577,0.26619746971333397,0.0859971290727837,0.3833280669955447,"Eye-tracking AOI-expanded descriptive result; n_trials is the participant-scene count, n_rows is AOI-expanded rows."
eye_tracking,03_eye_tracking/eye_aoi_trial_long.csv,aoi_expanded_row,FC_rate,WWR,WWR=45,56,224,560,0.27891110778417455,0.303780807394824,0.012837082093729975,0.2537504268804638,0.3040717886878853,0.1665552014282937,0.3620076752435354,"Eye-tracking AOI-expanded descriptive result; n_trials is the participant-scene count, n_rows is AOI-expanded rows."
eye_tracking,03_eye_tracking/eye_aoi_trial_long.csv,aoi_expanded_row,FC_rate,WWR,WWR=75,56,224,560,0.3329113468604236,0.31038302954100055,0.013116076900605173,0.3072038361352375,0.35861885758560974,0.2496913069570303,0.3864733391043236,"Eye-tracking AOI-expanded descriptive result; n_trials is the participant-scene count, n_rows is AOI-expanded rows."
eye_tracking,03_eye_tracking/eye_aoi_trial_long.csv,aoi_expanded_row,FC_rate,Complexity,Complexity=0,56,336,672,0.3252219370415779,0.36184781749276856,0.013958582603901457,0.29786311513793107,0.3525807589452248,0.18201526486878083,0.46858192962691275,"Eye-tracking AOI-expanded descriptive result; n_trials is the participant-scene count, n_rows is AOI-expanded rows."
eye_tracking,03_eye_tracking/eye_aoi_trial_long.csv,aoi_expanded_row,FC_rate,Complexity,Complexity=1,56,336,1008,0.2566818054042276,0.2674589116298572,0.008424163882150037,0.2401704441952135,0.27319316661324167,0.16255449184591358,0.3575058668800989,"Eye-tracking AOI-expanded descriptive result; n_trials is the participant-scene count, n_rows is AOI-expanded rows."
eye_tracking,03_eye_tracking/eye_aoi_trial_long.csv,aoi_expanded_row,FC_rate,WWR:Complexity,WWR=15;Complexity=0,56,112,224,0.27088309828163737,0.37556511006971965,0.02509349943405241,0.22169983939089466,0.3200663571723801,0.06848604315854985,0.42524867511314113,"Eye-tracking AOI-expanded descriptive result; n_trials is the participant-scene count, n_rows is AOI-expanded rows."
eye_tracking,03_eye_tracking/eye_aoi_trial_long.csv,aoi_expanded_row,FC_rate,WWR:Complexity,WWR=15;Complexity=1,56,112,336,0.22019646703374987,0.257034984943226,0.014022408032787714,0.19271254728948595,0.2476803867780138,0.0994249071268643,0.35362608187671124,"Eye-tracking AOI-expanded descriptive result; n_trials is the participant-scene count, n_rows is AOI-expanded rows."
eye_tracking,03_eye_tracking/eye_aoi_trial_long.csv,aoi_expanded_row,FC_rate,WWR:Complexity,WWR=45;Complexity=0,56,112,224,0.3318399014888595,0.3513626178547231,0.02347640240236347,0.2858261527802271,0.3778536501974919,0.20134776810729424,0.4368688005490627,"Eye-tracking AOI-expanded descriptive result; n_trials is the participant-scene count, n_rows is AOI-expanded rows."
eye_tracking,03_eye_tracking/eye_aoi_trial_long.csv,aoi_expanded_row,FC_rate,WWR:Complexity,WWR=45;Complexity=1,56,112,336,0.24362524531438456,0.26207881562121715,0.014297571555102414,0.21560200506638383,0.2716484855623853,0.1510295019957431,0.3402088450106825,"Eye-tracking AOI-expanded descriptive result; n_trials is the participant-scene count, n_rows is AOI-expanded rows."
eye_tracking,03_eye_tracking/eye_aoi_trial_long.csv,aoi_expanded_row,FC_rate,WWR:Complexity,WWR=75;Complexity=0,56,112,224,0.3729428113542368,0.3523826677472552,0.02354455735263616,0.32679547894306993,0.41909014376540366,0.2829244933100019,0.45223786707390856,"Eye-tracking AOI-expanded descriptive result; n_trials is the participant-scene count, n_rows is AOI-expanded rows."
eye_tracking,03_eye_tracking/eye_aoi_trial_long.csv,aoi_expanded_row,FC_rate,WWR:Complexity,WWR=75;Complexity=1,56,112,336,0.3062237038645482,0.2762421526824345,0.015070244938152436,0.27668602378576945,0.335761383943327,0.2361108414462419,0.3236872713929287,"Eye-tracking AOI-expanded descriptive result; n_trials is the participant-scene count, n_rows is AOI-expanded rows."
eye_tracking,03_eye_tracking/eye_aoi_trial_long.csv,aoi_expanded_row,TFD_ms,overall,all,56,666,1469,7788.84547311096,8217.429034928677,214.40013986831727,7368.621198969057,8209.06974725286,4885.0,9957.0,"Eye-tracking AOI-expanded descriptive result; n_trials is the participant-scene count, n_rows is AOI-expanded rows."
eye_tracking,03_eye_tracking/eye_aoi_trial_long.csv,aoi_expanded_row,TFD_ms,WWR,WWR=15,56,219,441,7851.902494331066,8927.99607959643,425.1426704569729,7018.6228602353995,8685.182128426733,4024.0,12185.0,"Eye-tracking AOI-expanded descriptive result; n_trials is the participant-scene count, n_rows is AOI-expanded rows."
eye_tracking,03_eye_tracking/eye_aoi_trial_long.csv,aoi_expanded_row,TFD_ms,WWR,WWR=45,56,223,501,7275.437125748503,7917.014574354333,353.70612589279483,6582.173118998625,7968.7011324983805,4247.0,8766.0,"Eye-tracking AOI-expanded descriptive result; n_trials is the participant-scene count, n_rows is AOI-expanded rows."
eye_tracking,03_eye_tracking/eye_aoi_trial_long.csv,aoi_expanded_row,TFD_ms,WWR,WWR=75,56,224,527,8224.157495256168,7858.434663053138,342.3187905606709,7553.212665757253,8895.102324755082,5662.0,9614.5,"Eye-tracking AOI-expanded descriptive result; n_trials is the participant-scene count, n_rows is AOI-expanded rows."
eye_tracking,03_eye_tracking/eye_aoi_trial_long.csv,aoi_expanded_row,TFD_ms,Complexity,Complexity=0,56,332,582,9240.850515463917,9787.675293040105,405.712193882047,8445.654615455105,10036.046415472729,5335.5,12713.0,"Eye-tracking AOI-expanded descriptive result; n_trials is the participant-scene count, n_rows is AOI-expanded rows."
eye_tracking,03_eye_tracking/eye_aoi_trial_long.csv,aoi_expanded_row,TFD_ms,Complexity,Complexity=1,56,334,887,6836.1206313416005,6838.778380383151,229.6237050602297,6386.058169423551,7286.18309325965,4758.0,8641.0,"Eye-tracking AOI-expanded descriptive result; n_trials is the participant-scene count, n_rows is AOI-expanded rows."
eye_tracking,03_eye_tracking/eye_aoi_trial_long.csv,aoi_expanded_row,TFD_ms,WWR:Complexity,WWR=15;Complexity=0,55,108,171,9385.315789473685,11020.819723154835,842.7831482142426,7733.46081897377,11037.1707599736,3183.0,15464.0,"Eye-tracking AOI-expanded descriptive result; n_trials is the participant-scene count, n_rows is AOI-expanded rows."
eye_tracking,03_eye_tracking/eye_aoi_trial_long.csv,aoi_expanded_row,TFD_ms,WWR:Complexity,WWR=15;Complexity=1,56,111,270,6880.740740740741,7153.998253466497,435.3784688640179,6027.398941767266,7734.082539714216,4384.5,9459.5,"Eye-tracking AOI-expanded descriptive result; n_trials is the participant-scene count, n_rows is AOI-expanded rows."
eye_tracking,03_eye_tracking/eye_aoi_trial_long.csv,aoi_expanded_row,TFD_ms,WWR:Complexity,WWR=45;Complexity=0,56,112,204,8810.245098039215,9416.019869142387,659.2532546786055,7518.108718869148,10102.381477209281,4761.0,11353.25,"Eye-tracking AOI-expanded descriptive result; n_trials is the participant-scene count, n_rows is AOI-expanded rows."
eye_tracking,03_eye_tracking/eye_aoi_trial_long.csv,aoi_expanded_row,TFD_ms,WWR:Complexity,WWR=45;Complexity=1,56,111,297,6221.225589225589,6506.4067728822365,377.5400132392054,5481.2471632767465,6961.204015174431,4020.0,7621.0,"Eye-tracking AOI-expanded descriptive result; n_trials is the participant-scene count, n_rows is AOI-expanded rows."
eye_tracking,03_eye_tracking/eye_aoi_trial_long.csv,aoi_expanded_row,TFD_ms,WWR:Complexity,WWR=75;Complexity=0,56,112,207,9545.874396135267,9071.484115188003,630.5117316354958,8310.071402129695,10781.677390140838,5914.0,11743.5,"Eye-tracking AOI-expanded descriptive result; n_trials is the participant-scene count, n_rows is AOI-expanded rows."
eye_tracking,03_eye_tracking/eye_aoi_trial_long.csv,aoi_expanded_row,TFD_ms,WWR:Complexity,WWR=75;Complexity=1,56,112,320,7369.171875,6842.490336481969,382.5068381939773,6619.458472139804,8118.885277860196,5457.5,8164.5,"Eye-tracking AOI-expanded descriptive result; n_trials is the participant-scene count, n_rows is AOI-expanded rows."
eye_tracking,03_eye_tracking/eye_aoi_trial_long.csv,aoi_expanded_row,TTFF_ms,overall,all,56,666,1469,7322.401633764465,11522.596193812611,300.63493400414944,6733.157163116332,7911.646104412598,2540.0,7316.0,"Eye-tracking AOI-expanded descriptive result; n_trials is the participant-scene count, n_rows is AOI-expanded rows."
eye_tracking,03_eye_tracking/eye_aoi_trial_long.csv,aoi_expanded_row,TTFF_ms,WWR,WWR=15,56,219,441,8917.945578231294,12786.963279831487,608.9030133253088,7724.49567211369,10111.3954843489,3587.0,9960.0,"Eye-tracking AOI-expanded descriptive result; n_trials is the participant-scene count, n_rows is AOI-expanded rows."
eye_tracking,03_eye_tracking/eye_aoi_trial_long.csv,aoi_expanded_row,TTFF_ms,WWR,WWR=45,56,223,501,7703.347305389221,11791.418940701653,526.8017474421086,6670.815880402688,8735.878730375754,2746.0,7520.0,"Eye-tracking AOI-expanded descriptive result; n_trials is the participant-scene count, n_rows is AOI-expanded rows."
eye_tracking,03_eye_tracking/eye_aoi_trial_long.csv,aoi_expanded_row,TTFF_ms,WWR,WWR=75,56,224,527,5625.079696394687,9820.775819509296,427.79971394401997,4786.592257064408,6463.567135724966,1970.0,5124.5,"Eye-tracking AOI-expanded descriptive result; n_trials is the participant-scene count, n_rows is AOI-expanded rows."
eye_tracking,03_eye_tracking/eye_aoi_trial_long.csv,aoi_expanded_row,TTFF_ms,Complexity,Complexity=0,56,332,582,6877.627147766323,11231.607938529476,465.56512768707125,5965.119497499663,7790.134798032983,2177.0,6710.75,"Eye-tracking AOI-expanded descriptive result; n_trials is the participant-scene count, n_rows is AOI-expanded rows."
eye_tracking,03_eye_tracking/eye_aoi_trial_long.csv,aoi_expanded_row,TTFF_ms,Complexity,Complexity=1,56,334,887,7614.2378804960545,11706.69728282881,393.0724253051565,6843.815926897948,8384.659834094162,2796.0,7903.5,"Eye-tracking AOI-expanded descriptive result; n_trials is the participant-scene count, n_rows is AOI-expanded rows."
eye_tracking,03_eye_tracking/eye_aoi_trial_long.csv,aoi_expanded_row,TTFF_ms,WWR:Complexity,WWR=15;Complexity=0,55,108,171,8846.239766081871,13001.463526480755,994.2467654396414,6897.516105820174,10794.96342634357,3108.0,9334.0,"Eye-tracking AOI-expanded descriptive result; n_trials is the participant-scene count, n_rows is AOI-expanded rows."
eye_tracking,03_eye_tracking/eye_aoi_trial_long.csv,aoi_expanded_row,TTFF_ms,WWR:Complexity,WWR=15;Complexity=1,56,111,270,8963.359259259263,12673.322378606514,771.2738383664239,7451.662536061072,10475.055982457454,3839.0,10088.250000000087,"Eye-tracking AOI-expanded descriptive result; n_trials is the participant-scene count, n_rows is AOI-expanded rows."
eye_tracking,03_eye_tracking/eye_aoi_trial_long.csv,aoi_expanded_row,TTFF_ms,WWR:Complexity,WWR=45;Complexity=0,56,112,204,6931.818627450981,11108.052551156627,777.7192379860575,5407.4889209983085,8456.148333903653,2328.5,6496.5,"Eye-tracking AOI-expanded descriptive result; n_trials is the participant-scene count, n_rows is AOI-expanded rows."
eye_tracking,03_eye_tracking/eye_aoi_trial_long.csv,aoi_expanded_row,TTFF_ms,WWR:Complexity,WWR=45;Complexity=1,56,111,297,8233.286195286195,12228.95422407154,709.5958953719678,6842.478240357138,9624.094150215253,3145.0,8815.0,"Eye-tracking AOI-expanded descriptive result; n_trials is the participant-scene count, n_rows is AOI-expanded rows."
eye_tracking,03_eye_tracking/eye_aoi_trial_long.csv,aoi_expanded_row,TTFF_ms,WWR:Complexity,WWR=75;Complexity=0,56,112,207,5197.975845410628,9415.150975303755,654.3982296247862,3915.355315346047,6480.596375475208,1696.0,4276.0,"Eye-tracking AOI-expanded descriptive result; n_trials is the participant-scene count, n_rows is AOI-expanded rows."
eye_tracking,03_eye_tracking/eye_aoi_trial_long.csv,aoi_expanded_row,TTFF_ms,WWR:Complexity,WWR=75;Complexity=1,56,112,320,5901.3625,10079.369457058358,563.4538819079409,4796.992891460436,7005.732108539564,2056.5,5659.25,"Eye-tracking AOI-expanded descriptive result; n_trials is the participant-scene count, n_rows is AOI-expanded rows."
eye_tracking,03_eye_tracking/eye_aoi_trial_long.csv,aoi_expanded_row,attention_share,overall,all,56,666,1469,0.16238301327415433,0.15774866664717713,0.004115805083248752,0.15431603531098678,0.17044999123732188,0.1099389010039095,0.21192135151202252,"Eye-tracking AOI-expanded descriptive result; n_trials is the participant-scene count, n_rows is AOI-expanded rows."
eye_tracking,03_eye_tracking/eye_aoi_trial_long.csv,aoi_expanded_row,attention_share,WWR,WWR=15,56,219,441,0.1593142986269906,0.1676198065645132,0.007981895550691105,0.14366978334763603,0.17495881390634516,0.0987336209651646,0.24321513098178157,"Eye-tracking AOI-expanded descriptive result; n_trials is the participant-scene count, n_rows is AOI-expanded rows."
eye_tracking,03_eye_tracking/eye_aoi_trial_long.csv,aoi_expanded_row,attention_share,WWR,WWR=45,56,223,501,0.151653843185744,0.1523048450923969,0.006804478658766064,0.1383170650145625,0.16499062135692547,0.1005550883095037,0.1846564684619126,"Eye-tracking AOI-expanded descriptive result; n_trials is the participant-scene count, n_rows is AOI-expanded rows."
eye_tracking,03_eye_tracking/eye_aoi_trial_long.csv,aoi_expanded_row,attention_share,WWR,WWR=75,56,224,527,0.1751507881767971,0.15367562777358004,0.006694215488669011,0.16203012581900583,0.18827145053458838,0.1271677360219981,0.2073743700485518,"Eye-tracking AOI-expanded descriptive result; n_trials is the participant-scene count, n_rows is AOI-expanded rows."
eye_tracking,03_eye_tracking/eye_aoi_trial_long.csv,aoi_expanded_row,attention_share,Complexity,Complexity=0,56,332,582,0.19181697483731114,0.18558472687020086,0.007692734427249573,0.17673921535990197,0.2068947343147203,0.12311074390730285,0.27410316746945973,"Eye-tracking AOI-expanded descriptive result; n_trials is the participant-scene count, n_rows is AOI-expanded rows."
eye_tracking,03_eye_tracking/eye_aoi_trial_long.csv,aoi_expanded_row,attention_share,Complexity,Complexity=1,56,334,887,0.1430700869722859,0.13305309646661648,0.004467485752724292,0.1343138148969463,0.1518263590476255,0.105502036130097,0.17536602025664974,"Eye-tracking AOI-expanded descriptive result; n_trials is the participant-scene count, n_rows is AOI-expanded rows."
eye_tracking,03_eye_tracking/eye_aoi_trial_long.csv,aoi_expanded_row,attention_share,WWR:Complexity,WWR=15;Complexity=0,55,108,171,0.1892531435129509,0.20563349967014752,0.01572518674506627,0.158431777492621,0.22007450953328078,0.0888117184180874,0.33871774762637713,"Eye-tracking AOI-expanded descriptive result; n_trials is the participant-scene count, n_rows is AOI-expanded rows."
eye_tracking,03_eye_tracking/eye_aoi_trial_long.csv,aoi_expanded_row,attention_share,WWR:Complexity,WWR=15;Complexity=1,56,111,270,0.14035303019921574,0.1352898093233016,0.008233475596327224,0.12421541803041439,0.1564906423680171,0.10441639070745405,0.18923798436508849,"Eye-tracking AOI-expanded descriptive result; n_trials is the participant-scene count, n_rows is AOI-expanded rows."
eye_tracking,03_eye_tracking/eye_aoi_trial_long.csv,aoi_expanded_row,attention_share,WWR:Complexity,WWR=45;Complexity=0,56,112,204,0.18408173151649063,0.17968369535873666,0.012580375001769754,0.15942419651302192,0.20873926651995933,0.1210429739410165,0.23236640464494362,"Eye-tracking AOI-expanded descriptive result; n_trials is the participant-scene count, n_rows is AOI-expanded rows."
eye_tracking,03_eye_tracking/eye_aoi_trial_long.csv,aoi_expanded_row,attention_share,WWR:Complexity,WWR=45;Complexity=1,56,111,297,0.12938014211007962,0.1257734358089236,0.007298114962370617,0.11507583678383321,0.14368444743632602,0.0922994766634625,0.1612191846600794,"Eye-tracking AOI-expanded descriptive result; n_trials is the participant-scene count, n_rows is AOI-expanded rows."
eye_tracking,03_eye_tracking/eye_aoi_trial_long.csv,aoi_expanded_row,attention_share,WWR:Complexity,WWR=75;Complexity=0,56,112,207,0.20155806079824337,0.17397511728173046,0.012092106546836963,0.17785753196644294,0.2252585896300438,0.1337756213486483,0.24303700837216055,"Eye-tracking AOI-expanded descriptive result; n_trials is the participant-scene count, n_rows is AOI-expanded rows."
eye_tracking,03_eye_tracking/eye_aoi_trial_long.csv,aoi_expanded_row,attention_share,WWR:Complexity,WWR=75;Complexity=1,56,112,320,0.1580685836997991,0.13656467399509445,0.007634197359453224,0.14310555687527077,0.17303161052432742,0.12313133525262315,0.17811885990841186,"Eye-tracking AOI-expanded descriptive result; n_trials is the participant-scene count, n_rows is AOI-expanded rows."
eye_tracking,03_eye_tracking/eye_aoi_trial_long.csv,aoi_expanded_row,share_pct,overall,all,56,666,1469,16.238301327415435,15.77486666471771,0.4115805083248751,15.43160353109868,17.04499912373219,10.993890100390956,21.192135151202255,"Eye-tracking AOI-expanded descriptive result; n_trials is the participant-scene count, n_rows is AOI-expanded rows."
eye_tracking,03_eye_tracking/eye_aoi_trial_long.csv,aoi_expanded_row,share_pct,WWR,WWR=15,56,219,441,15.931429862699064,16.761980656451318,0.7981895550691104,14.366978334763608,17.49588139063452,9.87336209651646,24.321513098178162,"Eye-tracking AOI-expanded descriptive result; n_trials is the participant-scene count, n_rows is AOI-expanded rows."
eye_tracking,03_eye_tracking/eye_aoi_trial_long.csv,aoi_expanded_row,share_pct,WWR,WWR=45,56,223,501,15.165384318574404,15.230484509239687,0.6804478658766063,13.831706501456255,16.49906213569255,10.055508830950378,18.465646846191255,"Eye-tracking AOI-expanded descriptive result; n_trials is the participant-scene count, n_rows is AOI-expanded rows."
eye_tracking,03_eye_tracking/eye_aoi_trial_long.csv,aoi_expanded_row,share_pct,WWR,WWR=75,56,224,527,17.51507881767971,15.367562777358003,0.6694215488669011,16.203012581900584,18.82714505345884,12.716773602199815,20.73743700485518,"Eye-tracking AOI-expanded descriptive result; n_trials is the participant-scene count, n_rows is AOI-expanded rows."
eye_tracking,03_eye_tracking/eye_aoi_trial_long.csv,aoi_expanded_row,share_pct,Complexity,Complexity=0,56,332,582,19.181697483731117,18.558472687020085,0.7692734427249572,17.6739215359902,20.689473431472035,12.311074390730287,27.410316746945973,"Eye-tracking AOI-expanded descriptive result; n_trials is the participant-scene count, n_rows is AOI-expanded rows."
eye_tracking,03_eye_tracking/eye_aoi_trial_long.csv,aoi_expanded_row,share_pct,Complexity,Complexity=1,56,334,887,14.307008697228595,13.305309646661646,0.4467485752724291,13.431381489694633,15.182635904762556,10.550203613009703,17.536602025664976,"Eye-tracking AOI-expanded descriptive result; n_trials is the participant-scene count, n_rows is AOI-expanded rows."
eye_tracking,03_eye_tracking/eye_aoi_trial_long.csv,aoi_expanded_row,share_pct,WWR:Complexity,WWR=15;Complexity=0,55,108,171,18.925314351295096,20.563349967014744,1.5725186745066264,15.843177749262109,22.007450953328085,8.881171841808746,33.87177476263771,"Eye-tracking AOI-expanded descriptive result; n_trials is the participant-scene count, n_rows is AOI-expanded rows."
eye_tracking,03_eye_tracking/eye_aoi_trial_long.csv,aoi_expanded_row,share_pct,WWR:Complexity,WWR=15;Complexity=1,56,111,270,14.035303019921576,13.528980932330159,0.8233475596327224,12.42154180304144,15.649064236801712,10.441639070745406,18.923798436508843,"Eye-tracking AOI-expanded descriptive result; n_trials is the participant-scene count, n_rows is AOI-expanded rows."
eye_tracking,03_eye_tracking/eye_aoi_trial_long.csv,aoi_expanded_row,share_pct,WWR:Complexity,WWR=45;Complexity=0,56,112,204,18.40817315164907,17.968369535873666,1.2580375001769755,15.942419651302199,20.87392665199594,12.104297394101653,23.236640464494354,"Eye-tracking AOI-expanded descriptive result; n_trials is the participant-scene count, n_rows is AOI-expanded rows."
eye_tracking,03_eye_tracking/eye_aoi_trial_long.csv,aoi_expanded_row,share_pct,WWR:Complexity,WWR=45;Complexity=1,56,111,297,12.938014211007966,12.57734358089236,0.7298114962370617,11.507583678383325,14.368444743632606,9.229947666346256,16.121918466007948,"Eye-tracking AOI-expanded descriptive result; n_trials is the participant-scene count, n_rows is AOI-expanded rows."
eye_tracking,03_eye_tracking/eye_aoi_trial_long.csv,aoi_expanded_row,share_pct,WWR:Complexity,WWR=75;Complexity=0,56,112,207,20.155806079824337,17.397511728173043,1.209210654683696,17.785753196644293,22.52585896300438,13.377562134864837,24.303700837216056,"Eye-tracking AOI-expanded descriptive result; n_trials is the participant-scene count, n_rows is AOI-expanded rows."
eye_tracking,03_eye_tracking/eye_aoi_trial_long.csv,aoi_expanded_row,share_pct,WWR:Complexity,WWR=75;Complexity=1,56,112,320,15.80685836997991,13.656467399509445,0.7634197359453224,14.310555687527078,17.303161052432742,12.313133525262316,17.81188599084118,"Eye-tracking AOI-expanded descriptive result; n_trials is the participant-scene count, n_rows is AOI-expanded rows."
eeg,04_eeg/eeg_trial_long.csv,scene_trial,F_theta,overall,all,56,672,672,35.82055416041679,329.00414682479743,12.691610501621547,10.94499757723856,60.69611074359502,5.87189916963221,4.355226963122611,EEG scene-level descriptive result after EEG standardization/QC columns are attached.
eeg,04_eeg/eeg_trial_long.csv,scene_trial,F_theta,WWR,WWR=15,56,224,224,20.348669020176427,144.1343539978397,9.630381612926913,1.473121058839677,39.22421698151318,5.49097013480422,4.190493912022379,EEG scene-level descriptive result after EEG standardization/QC columns are attached.
eeg,04_eeg/eeg_trial_long.csv,scene_trial,F_theta,WWR,WWR=45,56,224,224,37.88035659078603,370.8927958368527,24.78131730793213,-10.691025332760944,86.451738514333,5.90531386726792,4.205850305736213,EEG scene-level descriptive result after EEG standardization/QC columns are attached.
eeg,04_eeg/eeg_trial_long.csv,scene_trial,F_theta,WWR,WWR=75,56,224,224,49.23263687028789,408.58340463328267,27.299627036774435,-4.274632121789999,102.73990586236579,6.101350278940339,4.654183504399823,EEG scene-level descriptive result after EEG standardization/QC columns are attached.
eeg,04_eeg/eeg_trial_long.csv,scene_trial,F_theta,Complexity,Complexity=0,56,336,336,38.90154701360533,352.1588274471491,19.211839088374443,1.2463424003914199,76.55675162681925,5.837538823258975,4.64749179482887,EEG scene-level descriptive result after EEG standardization/QC columns are attached.
eeg,04_eeg/eeg_trial_long.csv,scene_trial,F_theta,Complexity,Complexity=1,56,336,336,32.739561307228236,304.59102319184234,16.616802616436516,0.1706281790126667,65.3084944354438,5.902061742785531,4.251899407761065,EEG scene-level descriptive result after EEG standardization/QC columns are attached.
eeg,04_eeg/eeg_trial_long.csv,scene_trial,F_theta,WWR:Complexity,WWR=15;Complexity=0,56,112,112,28.999285069843587,202.67182794628496,19.15068766088359,-8.536062745488252,66.53463288517543,5.233566451984605,3.5179847794344106,EEG scene-level descriptive result after EEG standardization/QC columns are attached.
eeg,04_eeg/eeg_trial_long.csv,scene_trial,F_theta,WWR:Complexity,WWR=15;Complexity=1,56,112,112,11.698052970509263,22.576515851259554,2.1332802290264454,7.51682372161743,15.879282219401095,5.84991830339205,4.647217894989509,EEG scene-level descriptive result after EEG standardization/QC columns are attached.
eeg,04_eeg/eeg_trial_long.csv,scene_trial,F_theta,WWR:Complexity,WWR=45;Complexity=0,56,112,112,16.686885500759434,86.97455279613025,8.218322753200646,0.578972904486168,32.7947980970327,6.008062215959045,4.394677993614952,EEG scene-level descriptive result after EEG standardization/QC columns are attached.
eeg,04_eeg/eeg_trial_long.csv,scene_trial,F_theta,WWR:Complexity,WWR=45;Complexity=1,56,112,112,59.07382768081262,517.5821018883532,48.90691159480989,-36.78371904501477,154.93137440664,5.899277732581055,4.064980434735313,EEG scene-level descriptive result after EEG standardization/QC columns are attached.
eeg,04_eeg/eeg_trial_long.csv,scene_trial,F_theta,WWR:Complexity,WWR=75;Complexity=0,56,112,112,71.01847047021293,569.2134322448705,53.78561373705149,-34.40133245440799,176.43827339483386,6.383227350255465,5.454043219776961,EEG scene-level descriptive result after EEG standardization/QC columns are attached.
eeg,04_eeg/eeg_trial_long.csv,scene_trial,F_theta,WWR:Complexity,WWR=75;Complexity=1,56,112,112,27.446803270362846,102.09327275108461,9.646907508287748,8.53886455411886,46.35474198660683,6.02170552314693,4.330641154228994,EEG scene-level descriptive result after EEG standardization/QC columns are attached.
eeg,04_eeg/eeg_trial_long.csv,scene_trial,F_alpha,overall,all,56,672,672,17.82337149503963,153.11560835835036,5.906562825294285,6.246508357462833,29.400234632616428,4.26103388030902,4.030178895575382,EEG scene-level descriptive result after EEG standardization/QC columns are attached.
eeg,04_eeg/eeg_trial_long.csv,scene_trial,F_alpha,WWR,WWR=15,56,224,224,11.280857048936586,60.56100348461747,4.046402250690382,3.3499086375834377,19.21180546028973,4.126053345584645,3.5286820478184344,EEG scene-level descriptive result after EEG standardization/QC columns are attached.
eeg,04_eeg/eeg_trial_long.csv,scene_trial,F_alpha,WWR,WWR=45,56,224,224,20.895204308342308,193.7464909308812,12.945231945590395,-4.477450305014866,46.267858921699485,4.151566453829025,4.1856591620608095,EEG scene-level descriptive result after EEG standardization/QC columns are attached.
eeg,04_eeg/eeg_trial_long.csv,scene_trial,F_alpha,WWR,WWR=75,56,224,224,21.29405312783999,171.09506041528988,11.431769582917914,-1.1122152546791213,43.7003215103591,4.40419619364968,4.723153231332028,EEG scene-level descriptive result after EEG standardization/QC columns are attached.
eeg,04_eeg/eeg_trial_long.csv,scene_trial,F_alpha,Complexity,Complexity=0,56,336,336,18.60103389672332,148.59910745820082,8.106745930120026,2.7118118736880685,34.49025591975857,4.19188947777021,3.824886227176198,EEG scene-level descriptive result after EEG standardization/QC columns are attached.
eeg,04_eeg/eeg_trial_long.csv,scene_trial,F_alpha,Complexity,Complexity=1,56,336,336,17.045709093355942,157.72081166639515,8.60437569203726,0.18113273696291188,33.91028544974897,4.290265896416315,4.542495767675982,EEG scene-level descriptive result after EEG standardization/QC columns are attached.
eeg,04_eeg/eeg_trial_long.csv,scene_trial,F_alpha,WWR:Complexity,WWR=15;Complexity=0,56,112,112,15.191000605497923,85.01316475079392,8.032989003470108,-0.5536578413034885,30.935659052299336,4.09935124816184,2.8754363821602267,EEG scene-level descriptive result after EEG standardization/QC columns are attached.
eeg,04_eeg/eeg_trial_long.csv,scene_trial,F_alpha,WWR:Complexity,WWR=15;Complexity=1,56,112,112,7.370713492375251,10.498568305867744,0.9920214592696693,5.426351432206699,9.315075552543803,4.18152185757998,4.120938657366706,EEG scene-level descriptive result after EEG standardization/QC columns are attached.
eeg,04_eeg/eeg_trial_long.csv,scene_trial,F_alpha,WWR:Complexity,WWR=45;Complexity=0,56,112,112,9.02695045308762,34.70897177324291,3.2796895562414745,2.59875892285433,15.45514198332091,4.081443745520855,4.408105973622488,EEG scene-level descriptive result after EEG standardization/QC columns are attached.
eeg,04_eeg/eeg_trial_long.csv,scene_trial,F_alpha,WWR:Complexity,WWR=45;Complexity=1,56,112,112,32.763458163597,271.8908263284455,25.691268222318556,-17.591427552147366,83.11834387934137,4.16936818095061,4.1104223946568474,EEG scene-level descriptive result after EEG standardization/QC columns are attached.
eeg,04_eeg/eeg_trial_long.csv,scene_trial,F_alpha,WWR:Complexity,WWR=75;Complexity=0,56,112,112,31.585150631584423,240.7003814652103,22.744048208404543,-12.993183856888482,76.16348512005733,4.451885774830496,4.186344207769345,EEG scene-level descriptive result after EEG standardization/QC columns are attached.
eeg,04_eeg/eeg_trial_long.csv,scene_trial,F_alpha,WWR:Complexity,WWR=75;Complexity=1,56,112,112,11.00295562409556,25.697656662470095,2.4282003145006414,6.243683007674302,15.762228240516816,4.371044169443135,4.712536808140287,EEG scene-level descriptive result after EEG standardization/QC columns are attached.
eeg,04_eeg/eeg_trial_long.csv,scene_trial,F_beta,overall,all,56,672,672,23.50180019944716,149.13198114834447,5.752891069418272,12.226133703387347,34.77746669550697,6.81610312453782,9.227594359326392,EEG scene-level descriptive result after EEG standardization/QC columns are attached.
eeg,04_eeg/eeg_trial_long.csv,scene_trial,F_beta,WWR,WWR=15,56,224,224,17.782201060757973,69.93461646562004,4.672703112317674,8.623702960615333,26.940699160900614,6.634797431380555,8.443559040088747,EEG scene-level descriptive result after EEG standardization/QC columns are attached.
eeg,04_eeg/eeg_trial_long.csv,scene_trial,F_beta,WWR,WWR=45,56,224,224,23.529718489787285,149.4970049942002,9.988688804234465,3.951888433487735,43.10754854608683,6.940529821451795,9.59267214037812,EEG scene-level descriptive result after EEG standardization/QC columns are attached.
eeg,04_eeg/eeg_trial_long.csv,scene_trial,F_beta,WWR,WWR=75,56,224,224,29.19348104779622,199.03492539511106,13.298580336261029,3.1282635887246037,55.25869850686783,7.031310654199415,9.168812940846788,EEG scene-level descriptive result after EEG standardization/QC columns are attached.
eeg,04_eeg/eeg_trial_long.csv,scene_trial,F_beta,Complexity,Complexity=0,56,336,336,25.80580378962184,171.42964042788446,9.352253614521933,7.475386705158851,44.13622087408483,6.6013841592217055,9.094144170357811,EEG scene-level descriptive result after EEG standardization/QC columns are attached.
eeg,04_eeg/eeg_trial_long.csv,scene_trial,F_beta,Complexity,Complexity=1,56,336,336,21.19779660927248,123.07848929004219,6.714482066576547,8.037411758782447,34.35818145976251,7.053539474821919,9.52669757436323,EEG scene-level descriptive result after EEG standardization/QC columns are attached.
eeg,04_eeg/eeg_trial_long.csv,scene_trial,F_beta,WWR:Complexity,WWR=15;Complexity=0,56,112,112,22.196416115886418,97.34170631721643,9.197926682501418,4.168479818183638,40.2243524135892,6.33488081696083,7.808125151342776,EEG scene-level descriptive result after EEG standardization/QC columns are attached.
eeg,04_eeg/eeg_trial_long.csv,scene_trial,F_beta,WWR:Complexity,WWR=15;Complexity=1,56,112,112,13.367986005629527,17.636139404190004,1.6664585339554854,10.101727279076776,16.634244732182278,7.268837079367865,9.346396797973927,EEG scene-level descriptive result after EEG standardization/QC columns are attached.
eeg,04_eeg/eeg_trial_long.csv,scene_trial,F_beta,WWR:Complexity,WWR=45;Complexity=0,56,112,112,13.855157873154653,30.844523158691693,2.9145334852239526,8.142672242115705,19.5676435041936,6.791166570079305,9.363961089885468,EEG scene-level descriptive result after EEG standardization/QC columns are attached.
eeg,04_eeg/eeg_trial_long.csv,scene_trial,F_beta,WWR:Complexity,WWR=45;Complexity=1,56,112,112,33.20427910641992,209.18840610975616,19.76644641872855,-5.537955874288038,71.94651408712787,7.020807917223925,9.694250577644606,EEG scene-level descriptive result after EEG standardization/QC columns are attached.
eeg,04_eeg/eeg_trial_long.csv,scene_trial,F_beta,WWR:Complexity,WWR=75;Complexity=0,56,112,112,41.36583737982445,279.0439798110028,26.36717769391578,-10.31383090025048,93.04550565989938,6.781793501231795,9.201216507288432,EEG scene-level descriptive result after EEG standardization/QC columns are attached.
eeg,04_eeg/eeg_trial_long.csv,scene_trial,F_beta,WWR:Complexity,WWR=75;Complexity=1,56,112,112,17.021124715767993,37.71139364162259,3.5633917560498514,10.036876873910284,24.0053725576257,7.421909767918136,8.694964473569815,EEG scene-level descriptive result after EEG standardization/QC columns are attached.
eeg,04_eeg/eeg_trial_long.csv,scene_trial,P_theta,overall,all,56,672,672,57.986667812228355,881.9743357176186,34.02289864545481,-8.698213532863072,124.67154915731979,0.6567610586466346,0.48632611113395546,EEG scene-level descriptive result after EEG standardization/QC columns are attached.
eeg,04_eeg/eeg_trial_long.csv,scene_trial,P_theta,WWR,WWR=15,56,224,224,10.870849739054483,143.73148643411,9.603463891574753,-7.951939488432034,29.693638966541002,0.644331459516587,0.4900753895490819,EEG scene-level descriptive result after EEG standardization/QC columns are attached.
eeg,04_eeg/eeg_trial_long.csv,scene_trial,P_theta,WWR,WWR=45,56,224,224,80.60441456483719,1032.3848372754114,68.97911343544565,-54.59464776863629,215.80347689831066,0.657463045510007,0.4491544255452492,EEG scene-level descriptive result after EEG standardization/QC columns are attached.
eeg,04_eeg/eeg_trial_long.csv,scene_trial,P_theta,WWR,WWR=75,56,224,224,82.4847391327934,1118.3867518596244,74.7253580601014,-63.97696266500536,228.94644093059213,0.6756383418281225,0.5181271992777675,EEG scene-level descriptive result after EEG standardization/QC columns are attached.
eeg,04_eeg/eeg_trial_long.csv,scene_trial,P_theta,Complexity,Complexity=0,56,336,336,65.12883938103444,928.2258952778398,50.63887413248635,-34.12335391863881,164.38103268070768,0.657463045510007,0.47109417769859774,EEG scene-level descriptive result after EEG standardization/QC columns are attached.
eeg,04_eeg/eeg_trial_long.csv,scene_trial,P_theta,Complexity,Complexity=1,56,336,336,50.84449624342226,834.4901709131234,45.52517112983362,-38.38483917105163,140.07383165789616,0.6555909690251025,0.516429656328925,EEG scene-level descriptive result after EEG standardization/QC columns are attached.
eeg,04_eeg/eeg_trial_long.csv,scene_trial,P_theta,WWR:Complexity,WWR=15;Complexity=0,56,112,112,20.39730694748483,203.25822538656362,19.206097010755812,-17.24664319359656,58.04125708856622,0.6289081170001329,0.4223764651102383,EEG scene-level descriptive result after EEG standardization/QC columns are attached.
eeg,04_eeg/eeg_trial_long.csv,scene_trial,P_theta,WWR:Complexity,WWR=15;Complexity=1,56,112,112,1.3443925306241395,2.558711449665362,0.2417755061638611,0.8705125385429718,1.8182725227053074,0.657290476725285,0.5655716673040347,EEG scene-level descriptive result after EEG standardization/QC columns are attached.
eeg,04_eeg/eeg_trial_long.csv,scene_trial,P_theta,WWR:Complexity,WWR=45;Complexity=0,56,112,112,23.810860288271446,241.52342220770092,22.82181824852969,-20.919903478846752,68.54162405538965,0.6730993726476411,0.43848530633203875,EEG scene-level descriptive result after EEG standardization/QC columns are attached.
eeg,04_eeg/eeg_trial_long.csv,scene_trial,P_theta,WWR:Complexity,WWR=45;Complexity=1,56,112,112,137.39796884140296,1440.9705674173495,136.1589202839264,-129.47351491509275,404.26945259789863,0.645066953637357,0.460508689857208,EEG scene-level descriptive result after EEG standardization/QC columns are attached.
eeg,04_eeg/eeg_trial_long.csv,scene_trial,P_theta,WWR:Complexity,WWR=75;Complexity=0,56,112,112,151.17835090734707,1577.8067482967465,149.08872403259554,-141.03554819654016,443.3922500112343,0.708162351433905,0.5307694401740948,EEG scene-level descriptive result after EEG standardization/QC columns are attached.
eeg,04_eeg/eeg_trial_long.csv,scene_trial,P_theta,WWR:Complexity,WWR=75;Complexity=1,56,112,112,13.791127358239681,117.68363933244224,11.120058680523623,-8.00418765558662,35.58644237206598,0.6585000291459525,0.5122883411698496,EEG scene-level descriptive result after EEG standardization/QC columns are attached.
eeg,04_eeg/eeg_trial_long.csv,scene_trial,P_alpha,overall,all,56,672,672,26.817232628994393,413.8825479003734,15.965865907968396,-4.475864550623662,58.11032980861245,0.7524417104814021,0.8280920939447176,EEG scene-level descriptive result after EEG standardization/QC columns are attached.
eeg,04_eeg/eeg_trial_long.csv,scene_trial,P_alpha,WWR,WWR=15,56,224,224,5.025731260190407,58.884737624629054,3.934402026811406,-2.685696712359948,12.737159232740762,0.696166890420835,0.7450189890794577,EEG scene-level descriptive result after EEG standardization/QC columns are attached.
eeg,04_eeg/eeg_trial_long.csv,scene_trial,P_alpha,WWR,WWR=45,56,224,224,41.07049800381777,536.7910201440906,35.865858672786715,-29.226584994844195,111.36758100247974,0.758138807413296,0.8255734431001125,EEG scene-level descriptive result after EEG standardization/QC columns are attached.
eeg,04_eeg/eeg_trial_long.csv,scene_trial,P_alpha,WWR,WWR=75,56,224,224,34.35546862297502,472.3160436797838,31.557943102255475,-27.498099857445716,96.20903710339576,0.7878992846244125,0.983613311995273,EEG scene-level descriptive result after EEG standardization/QC columns are attached.
eeg,04_eeg/eeg_trial_long.csv,scene_trial,P_alpha,Complexity,Complexity=0,56,336,336,27.707608002553563,391.77057825058546,21.37283726059438,-14.183153028211422,69.59836903331855,0.7150166138766065,0.781654592176911,EEG scene-level descriptive result after EEG standardization/QC columns are attached.
eeg,04_eeg/eeg_trial_long.csv,scene_trial,P_alpha,Complexity,Complexity=1,56,336,336,25.926857255435234,435.45733459555174,23.75614521080748,-20.63518735774743,72.4889018686179,0.7953531529514495,0.8481590939636535,EEG scene-level descriptive result after EEG standardization/QC columns are attached.
eeg,04_eeg/eeg_trial_long.csv,scene_trial,P_alpha,WWR:Complexity,WWR=15;Complexity=0,56,112,112,8.962505568635752,83.26691200384431,7.867983628659678,-6.4587423435372155,24.38375348080872,0.6412921086039525,0.7090475268732439,EEG scene-level descriptive result after EEG standardization/QC columns are attached.
eeg,04_eeg/eeg_trial_long.csv,scene_trial,P_alpha,WWR:Complexity,WWR=15;Complexity=1,56,112,112,1.0889569517450628,1.186732425044147,0.11213567390869332,0.8691710308840239,1.3087428726061017,0.73203483994515,0.7664267041661598,EEG scene-level descriptive result after EEG standardization/QC columns are attached.
eeg,04_eeg/eeg_trial_long.csv,scene_trial,P_alpha,WWR:Complexity,WWR=45;Complexity=0,56,112,112,9.835067765996484,94.39458070928667,8.919449488178126,-7.64705323083264,27.31718876282561,0.7234085262041166,0.7692184379239775,EEG scene-level descriptive result after EEG standardization/QC columns are attached.
eeg,04_eeg/eeg_trial_long.csv,scene_trial,P_alpha,WWR:Complexity,WWR=45;Complexity=1,56,112,112,72.30592824163905,753.66164524739,71.21433164329922,-67.27416177922741,211.8860182625055,0.819514548794102,0.827136898850709,EEG scene-level descriptive result after EEG standardization/QC columns are attached.
eeg,04_eeg/eeg_trial_long.csv,scene_trial,P_alpha,WWR:Complexity,WWR=75;Complexity=0,56,112,112,64.32525067302844,667.3413983206713,63.05783498337832,-59.268105894393074,187.91860724044994,0.751416164597352,1.0193911994005385,EEG scene-level descriptive result after EEG standardization/QC columns are attached.
eeg,04_eeg/eeg_trial_long.csv,scene_trial,P_alpha,WWR:Complexity,WWR=75;Complexity=1,56,112,112,4.385686572921588,31.89891601608772,3.0141642453965485,-1.5220753480556466,10.293448493898822,0.793014327337259,0.877909698124963,EEG scene-level descriptive result after EEG standardization/QC columns are attached.
eeg,04_eeg/eeg_trial_long.csv,scene_trial,P_beta,overall,all,56,672,672,26.781023307918023,402.43074222635306,15.524102913314339,-3.646218402178082,57.20826501801413,0.9901990099997675,1.519350561528146,EEG scene-level descriptive result after EEG standardization/QC columns are attached.
eeg,04_eeg/eeg_trial_long.csv,scene_trial,P_beta,WWR,WWR=15,56,224,224,6.287988891940127,64.85484652782196,4.333296706766346,-2.2052726533219102,14.781250437202164,0.9499804094029289,1.404281288726895,EEG scene-level descriptive result after EEG standardization/QC columns are attached.
eeg,04_eeg/eeg_trial_long.csv,scene_trial,P_beta,WWR,WWR=45,56,224,224,33.47755295154013,418.8733022166433,27.98714973859459,-21.37726053610526,88.33236643918553,0.959618704383224,1.5603188022226955,EEG scene-level descriptive result after EEG standardization/QC columns are attached.
eeg,04_eeg/eeg_trial_long.csv,scene_trial,P_beta,WWR,WWR=75,56,224,224,40.577528080273815,554.0621751203983,37.0198362548442,-31.981350979220814,113.13640713976844,1.039406673589315,1.4878895446464395,EEG scene-level descriptive result after EEG standardization/QC columns are attached.
eeg,04_eeg/eeg_trial_long.csv,scene_trial,P_beta,Complexity,Complexity=0,56,336,336,32.142091637530086,457.3944046861017,24.952910499087206,-16.76561294068084,81.04979621574101,0.9545199242829405,1.4475020716568094,EEG scene-level descriptive result after EEG standardization/QC columns are attached.
eeg,04_eeg/eeg_trial_long.csv,scene_trial,P_beta,Complexity,Complexity=1,56,336,336,21.41995497830594,339.2891742733543,18.50974194746083,-14.859139238717287,57.69904919532917,1.024373669989405,1.5379649616663733,EEG scene-level descriptive result after EEG standardization/QC columns are attached.
eeg,04_eeg/eeg_trial_long.csv,scene_trial,P_beta,WWR:Complexity,WWR=15;Complexity=0,56,112,112,10.610425591023338,91.6773006380181,8.66269065563925,-6.36844809402959,27.589299276076268,0.8863630298426579,1.327203136249092,EEG scene-level descriptive result after EEG standardization/QC columns are attached.
eeg,04_eeg/eeg_trial_long.csv,scene_trial,P_beta,WWR:Complexity,WWR=15;Complexity=1,56,112,112,1.9655521928569175,2.7864817245744224,0.26329777414465355,1.4494885555333967,2.4816158301804383,1.0330670177859,1.522491204912994,EEG scene-level descriptive result after EEG standardization/QC columns are attached.
eeg,04_eeg/eeg_trial_long.csv,scene_trial,P_beta,WWR:Complexity,WWR=45;Complexity=0,56,112,112,9.468328436431397,81.35228619459558,7.687068494909037,-5.598325813590316,24.534982686453112,0.941538202689314,1.480279783463454,EEG scene-level descriptive result after EEG standardization/QC columns are attached.
eeg,04_eeg/eeg_trial_long.csv,scene_trial,P_beta,WWR:Complexity,WWR=45;Complexity=1,56,112,112,57.48677746664885,587.1191483278434,55.47754487283991,-51.24921048411736,166.22276541741508,0.9934352544555709,1.6238352613795115,EEG scene-level descriptive result after EEG standardization/QC columns are attached.
eeg,04_eeg/eeg_trial_long.csv,scene_trial,P_beta,WWR:Complexity,WWR=75;Complexity=0,56,112,112,76.34752088513552,783.2096146143581,74.00635231086895,-68.70492964416762,221.39997141443865,1.03982589550389,1.5409002128486011,EEG scene-level descriptive result after EEG standardization/QC columns are attached.
eeg,04_eeg/eeg_trial_long.csv,scene_trial,P_beta,WWR:Complexity,WWR=75;Complexity=1,56,112,112,4.807535275412062,27.130764112319227,2.5636162400125975,-0.2171525550126292,9.832223105836754,1.03586535275903,1.450709875230681,EEG scene-level descriptive result after EEG standardization/QC columns are attached.
eeg,04_eeg/eeg_trial_long.csv,scene_trial,O_theta,overall,all,56,672,672,30.676050809231004,390.4972564544225,15.063758705480875,1.1510837464884887,60.20101787197352,1.639371819066635,1.2180812570906547,EEG scene-level descriptive result after EEG standardization/QC columns are attached.
eeg,04_eeg/eeg_trial_long.csv,scene_trial,O_theta,WWR,WWR=15,56,224,224,28.84480904301405,397.8911138426946,26.5852183078791,-23.262218840428982,80.95183692645708,1.6160607192544099,1.1975802680985024,EEG scene-level descriptive result after EEG standardization/QC columns are attached.
eeg,04_eeg/eeg_trial_long.csv,scene_trial,O_theta,WWR,WWR=45,56,224,224,30.781860387438257,371.9477894756103,24.851807035458148,-17.92768140205971,79.49140217693622,1.6489212730630052,1.2196581757200824,EEG scene-level descriptive result after EEG standardization/QC columns are attached.
eeg,04_eeg/eeg_trial_long.csv,scene_trial,O_theta,WWR,WWR=75,56,224,224,32.40148299724071,402.69474974391835,26.90617473204314,-20.33461947756384,85.13758547204526,1.659907326609655,1.3197566213270426,EEG scene-level descriptive result after EEG standardization/QC columns are attached.
eeg,04_eeg/eeg_trial_long.csv,scene_trial,O_theta,Complexity,Complexity=0,56,336,336,40.832498082920836,463.46973493693486,25.284346936543134,-8.724821912703703,90.38981807854537,1.6371820135376352,1.2576932085042776,EEG scene-level descriptive result after EEG standardization/QC columns are attached.
eeg,04_eeg/eeg_trial_long.csv,scene_trial,O_theta,Complexity,Complexity=1,56,336,336,20.519603535541172,300.69965927911767,16.404511310642704,-11.633238633318527,52.67244570440087,1.6409911436123852,1.1681857006241527,EEG scene-level descriptive result after EEG standardization/QC columns are attached.
eeg,04_eeg/eeg_trial_long.csv,scene_trial,O_theta,WWR:Complexity,WWR=15;Complexity=0,56,112,112,55.23668798175896,562.7137055428586,53.171447292644004,-48.97934871182328,159.4527246753412,1.53714974401019,1.1314275541028764,EEG scene-level descriptive result after EEG standardization/QC columns are attached.
eeg,04_eeg/eeg_trial_long.csv,scene_trial,O_theta,WWR:Complexity,WWR=15;Complexity=1,56,112,112,2.4529301042691363,2.9380626116913824,0.27762082167401175,1.9087932937880732,2.9970669147501994,1.6781650431757549,1.1363268723977549,EEG scene-level descriptive result after EEG standardization/QC columns are attached.
eeg,04_eeg/eeg_trial_long.csv,scene_trial,O_theta,WWR:Complexity,WWR=45;Complexity=0,56,112,112,10.224012542652105,86.7915617313923,8.201031722863377,-5.850009634160113,26.298034719464322,1.6489212730630052,1.3122378481339425,EEG scene-level descriptive result after EEG standardization/QC columns are attached.
eeg,04_eeg/eeg_trial_long.csv,scene_trial,O_theta,WWR:Complexity,WWR=45;Complexity=1,56,112,112,51.339708232224396,519.1830396850612,49.05818599747322,-44.81433632282311,147.4937527872719,1.6397479322711899,1.14870407812039,EEG scene-level descriptive result after EEG standardization/QC columns are attached.
eeg,04_eeg/eeg_trial_long.csv,scene_trial,O_theta,WWR:Complexity,WWR=75;Complexity=0,56,112,112,57.03679372435147,568.0526625885851,53.675931314195736,-48.16803165147218,162.24161910017511,1.6717370622231549,1.2972453103240051,EEG scene-level descriptive result after EEG standardization/QC columns are attached.
eeg,04_eeg/eeg_trial_long.csv,scene_trial,O_theta,WWR:Complexity,WWR=75;Complexity=1,56,112,112,7.766172270129977,43.341570949864774,4.0953935058644175,-0.2607990013642807,15.793143541624236,1.6409911436123852,1.2327292492472148,EEG scene-level descriptive result after EEG standardization/QC columns are attached.
eeg,04_eeg/eeg_trial_long.csv,scene_trial,O_alpha,overall,all,56,672,672,14.590955951108985,175.7616075829699,6.780151211193718,1.3018595771692976,27.880052325048673,1.50510140017168,1.6440630895758572,EEG scene-level descriptive result after EEG standardization/QC columns are attached.
eeg,04_eeg/eeg_trial_long.csv,scene_trial,O_alpha,WWR,WWR=15,56,224,224,12.95867239414331,163.492667463942,10.923813337497041,-8.452001747350891,34.36934653563751,1.435926590498465,1.6076440148977038,EEG scene-level descriptive result after EEG standardization/QC columns are attached.
eeg,04_eeg/eeg_trial_long.csv,scene_trial,O_alpha,WWR,WWR=45,56,224,224,16.386589975959165,193.34275542837966,12.91825623263972,-8.933192240014687,41.70637219193301,1.4758707378129952,1.5784058889983608,EEG scene-level descriptive result after EEG standardization/QC columns are attached.
eeg,04_eeg/eeg_trial_long.csv,scene_trial,O_alpha,WWR,WWR=75,56,224,224,14.427605483224474,169.81246251209518,11.346072405797392,-7.810696432138412,36.66590739858736,1.5568491141496148,1.75402399762912,EEG scene-level descriptive result after EEG standardization/QC columns are attached.
eeg,04_eeg/eeg_trial_long.csv,scene_trial,O_alpha,Complexity,Complexity=0,56,336,336,17.971099537719947,193.00011215702312,10.529019322553873,-2.665778334485644,38.60797740992554,1.4789435148166001,1.5644397114548094,EEG scene-level descriptive result after EEG standardization/QC columns are attached.
eeg,04_eeg/eeg_trial_long.csv,scene_trial,O_alpha,Complexity,Complexity=1,56,336,336,11.210812364498018,156.85833897666922,8.557323949352723,-5.561542576233318,27.983167305229355,1.5656202151003349,1.7758843810121903,EEG scene-level descriptive result after EEG standardization/QC columns are attached.
eeg,04_eeg/eeg_trial_long.csv,scene_trial,O_alpha,WWR:Complexity,WWR=15;Complexity=0,56,112,112,23.671263708738312,231.2133549766973,21.847608466615693,-19.150048885828443,66.49257630330507,1.1640872213511648,1.4398445225343846,EEG scene-level descriptive result after EEG standardization/QC columns are attached.
eeg,04_eeg/eeg_trial_long.csv,scene_trial,O_alpha,WWR:Complexity,WWR=15;Complexity=1,56,112,112,2.246081079548303,3.051495299785819,0.2883392032184202,1.6809362412401994,2.8112259178564063,1.6150976605498601,1.7161394116600268,EEG scene-level descriptive result after EEG standardization/QC columns are attached.
eeg,04_eeg/eeg_trial_long.csv,scene_trial,O_alpha,WWR:Complexity,WWR=45;Complexity=0,56,112,112,5.005044325039068,33.89328671084184,3.202614562553495,-1.2720802175657813,11.282168867643918,1.4165059398479452,1.490243297364432,EEG scene-level descriptive result after EEG standardization/QC columns are attached.
eeg,04_eeg/eeg_trial_long.csv,scene_trial,O_alpha,WWR:Complexity,WWR=45;Complexity=1,56,112,112,27.768135626879253,271.4579960493748,25.650369605235706,-22.50658879938273,78.04286005314124,1.48351855234896,1.7152840141386392,EEG scene-level descriptive result after EEG standardization/QC columns are attached.
eeg,04_eeg/eeg_trial_long.csv,scene_trial,O_alpha,WWR:Complexity,WWR=75;Complexity=0,56,112,112,25.236990579382457,239.90462033866658,22.66885584969571,-19.193966886021137,69.66794804478604,1.5517708767514051,1.5741867505357017,EEG scene-level descriptive result after EEG standardization/QC columns are attached.
eeg,04_eeg/eeg_trial_long.csv,scene_trial,O_alpha,WWR:Complexity,WWR=75;Complexity=1,56,112,112,3.6182203870664926,11.929515453733579,1.127233255431461,1.408843206420829,5.827597567712156,1.568448647979595,1.8027348483796422,EEG scene-level descriptive result after EEG standardization/QC columns are attached.
eeg,04_eeg/eeg_trial_long.csv,scene_trial,O_beta,overall,all,56,672,672,17.035799380689,178.39037819934333,6.8815582392908015,3.5479452316790283,30.52365352969897,2.71478396921078,3.3507788970839396,EEG scene-level descriptive result after EEG standardization/QC columns are attached.
eeg,04_eeg/eeg_trial_long.csv,scene_trial,O_beta,WWR,WWR=15,56,224,224,16.427280366182384,180.00327585320133,12.026974763207825,-7.145590169704953,40.00015090206972,2.4151664459772553,3.237954710018935,EEG scene-level descriptive result after EEG standardization/QC columns are attached.
eeg,04_eeg/eeg_trial_long.csv,scene_trial,O_beta,WWR,WWR=45,56,224,224,15.879872745067516,151.74926605892034,10.13917432655149,-3.9929089349734035,35.75265442510843,2.76992854459762,3.3460277906243903,EEG scene-level descriptive result after EEG standardization/QC columns are attached.
eeg,04_eeg/eeg_trial_long.csv,scene_trial,O_beta,WWR,WWR=75,56,224,224,18.80024503081711,200.80072186799407,13.416562575837853,-7.4962176178250814,45.0967076794593,2.878543059986005,3.4462297752973106,EEG scene-level descriptive result after EEG standardization/QC columns are attached.
eeg,04_eeg/eeg_trial_long.csv,scene_trial,O_beta,Complexity,Complexity=0,56,336,336,22.357069769810057,220.33398222543045,12.02020418713202,-1.2025304369687007,45.916669976588814,2.50419472790235,3.272898846099405,EEG scene-level descriptive result after EEG standardization/QC columns are attached.
eeg,04_eeg/eeg_trial_long.csv,scene_trial,O_beta,Complexity,Complexity=1,56,336,336,11.714528991567953,123.03407603823395,6.712059125049519,-1.4411068935291045,24.870164876665008,2.80708048847929,3.4151066880032146,EEG scene-level descriptive result after EEG standardization/QC columns are attached.
eeg,04_eeg/eeg_trial_long.csv,scene_trial,O_beta,WWR:Complexity,WWR=15;Complexity=0,56,112,112,28.099708877286986,254.46761619318866,24.04492961309321,-19.0283531643757,75.22777091894967,1.9987778323058252,3.172506599218682,EEG scene-level descriptive result after EEG standardization/QC columns are attached.
eeg,04_eeg/eeg_trial_long.csv,scene_trial,O_beta,WWR:Complexity,WWR=15;Complexity=1,56,112,112,4.754851855077789,8.096135557125434,0.7650129023150453,3.255426566540301,6.254277143615278,2.743277744750575,3.1284829340407,EEG scene-level descriptive result after EEG standardization/QC columns are attached.
eeg,04_eeg/eeg_trial_long.csv,scene_trial,O_beta,WWR:Complexity,WWR=45;Complexity=0,56,112,112,7.022599853236089,29.634942501451622,2.800238856304978,1.534131694878333,12.511068011593846,2.6233328730897947,3.3011110039140146,EEG scene-level descriptive result after EEG standardization/QC columns are attached.
eeg,04_eeg/eeg_trial_long.csv,scene_trial,O_beta,WWR:Complexity,WWR=45;Complexity=1,56,112,112,24.737145636898948,212.66544522969727,20.0949957333788,-14.649046000523494,64.12333727432139,2.798530199173965,3.363823376592185,EEG scene-level descriptive result after EEG standardization/QC columns are attached.
eeg,04_eeg/eeg_trial_long.csv,scene_trial,O_beta,WWR:Complexity,WWR=75;Complexity=0,56,112,112,31.948900578907086,283.76142100842617,26.812933987949812,-20.604450037474543,84.50225119528872,2.878543059986005,3.202631566973805,EEG scene-level descriptive result after EEG standardization/QC columns are attached.
eeg,04_eeg/eeg_trial_long.csv,scene_trial,O_beta,WWR:Complexity,WWR=75;Complexity=1,56,112,112,5.651589482727125,11.648090158543773,1.1006410645844908,3.4943329961415235,7.808845969312728,2.8780875397347554,3.4916568405420505,EEG scene-level descriptive result after EEG standardization/QC columns are attached.
eeg_qc,04_eeg/eeg_subject_qc.csv,participant,eeg_subject_quality_exclusion,overall,all,14,0,56,,,,,,,,Participant-level EEG quality exclusion count.
eeg_qc,04_eeg/eeg_qc_thresholds.csv,qc_metric,hf_ratio_20_40Hz,threshold,median_plus_k_mad,0,0,672,0.500419392328054,,,,,,,"Robust EEG threshold; k=3.5, median=0.4504818834295074, MAD=0.014267859685299."
eeg_qc,04_eeg/eeg_qc_thresholds.csv,qc_metric,rms_mean_uV,threshold,median_plus_k_mad,0,0,672,16.28610577762767,,,,,,,"Robust EEG threshold; k=3.5, median=9.003166791199845, MAD=2.0808397104079503."
eeg_qc,04_eeg/eeg_qc_thresholds.csv,qc_metric,peak_to_peak_uV,threshold,median_plus_k_mad,0,0,672,186.5233181715004,,,,,,,"Robust EEG threshold; k=3.5, median=89.94792687892914, MAD=27.592968940734654."
multimodal_retained,05_multimodal_fusion/analysis_master_long.csv,aoi_expanded_retained_row,q_S1,overall,all,42,453,1130,5.40353982300885,1.302034192605507,0.038733181205466,5.327622787846137,5.479456858171563,6.0,1.0,Main retained fusion table. AOI-expanded rows must not be reported as scene-trial counts.
multimodal_retained,05_multimodal_fusion/analysis_master_long.csv,aoi_expanded_retained_row,q_S1,WWR,WWR=15,42,150,375,5.592,1.2022438913679498,0.06208360759130225,5.470316129121048,5.713683870878952,6.0,1.0,Main retained fusion table. AOI-expanded rows must not be reported as scene-trial counts.
multimodal_retained,05_multimodal_fusion/analysis_master_long.csv,aoi_expanded_retained_row,q_S1,WWR,WWR=45,42,149,372,5.25,1.3792356960002499,0.07151003962000783,5.109840322344785,5.390159677655215,5.0,1.0,Main retained fusion table. AOI-expanded rows must not be reported as scene-trial counts.
multimodal_retained,05_multimodal_fusion/analysis_master_long.csv,aoi_expanded_retained_row,q_S1,WWR,WWR=75,42,154,383,5.368146214099217,1.2995079453514091,0.06640175412196381,5.237998776020168,5.4982936521782655,5.0,1.0,Main retained fusion table. AOI-expanded rows must not be reported as scene-trial counts.
multimodal_retained,05_multimodal_fusion/analysis_master_long.csv,aoi_expanded_retained_row,q_S1,Complexity,Complexity=0,42,229,458,5.222707423580786,1.3257951190065271,0.06195033751210405,5.1012847620570625,5.34413008510451,5.0,1.0,Main retained fusion table. AOI-expanded rows must not be reported as scene-trial counts.
multimodal_retained,05_multimodal_fusion/analysis_master_long.csv,aoi_expanded_retained_row,q_S1,Complexity,Complexity=1,42,224,672,5.526785714285714,1.2719124722336959,0.04906508883105637,5.430618140176844,5.6229532883945845,6.0,1.0,Main retained fusion table. AOI-expanded rows must not be reported as scene-trial counts.
multimodal_retained,05_multimodal_fusion/analysis_master_long.csv,aoi_expanded_retained_row,q_S1,ExperienceGroup,ExperienceGroup=High,16,177,442,5.5656108597285066,1.1824465251056415,0.05624324564242879,5.455374098269346,5.675847621187667,6.0,1.0,Main retained fusion table. AOI-expanded rows must not be reported as scene-trial counts.
multimodal_retained,05_multimodal_fusion/analysis_master_long.csv,aoi_expanded_retained_row,q_S1,ExperienceGroup,ExperienceGroup=Low,26,276,688,5.299418604651163,1.364084844694519,0.05200524715707181,5.197488320223302,5.401348889079024,5.0,1.0,Main retained fusion table. AOI-expanded rows must not be reported as scene-trial counts.
multimodal_retained,05_multimodal_fusion/analysis_master_long.csv,aoi_expanded_retained_row,q_S1,WWR:Complexity,WWR=15;Complexity=0,41,75,150,5.32,1.2917913268847894,0.1054743201673521,5.11327033247199,5.52672966752801,6.0,1.0,Main retained fusion table. AOI-expanded rows must not be reported as scene-trial counts.
multimodal_retained,05_multimodal_fusion/analysis_master_long.csv,aoi_expanded_retained_row,q_S1,WWR:Complexity,WWR=15;Complexity=1,42,75,225,5.773333333333333,1.1048593963551585,0.0736572930903439,5.6289650388762595,5.917701627790407,6.0,2.0,Main retained fusion table. AOI-expanded rows must not be reported as scene-trial counts.
multimodal_retained,05_multimodal_fusion/analysis_master_long.csv,aoi_expanded_retained_row,q_S1,WWR:Complexity,WWR=45;Complexity=0,42,75,150,5.16,1.38098301725971,0.1127567911911808,4.938996689265286,5.381003310734714,5.0,2.0,Main retained fusion table. AOI-expanded rows must not be reported as scene-trial counts.
multimodal_retained,05_multimodal_fusion/analysis_master_long.csv,aoi_expanded_retained_row,q_S1,WWR:Complexity,WWR=45;Complexity=1,41,74,222,5.3108108108108105,1.3778369401815118,0.0924743605500385,5.129561064132735,5.492060557488886,6.0,1.0,Main retained fusion table. AOI-expanded rows must not be reported as scene-trial counts.
multimodal_retained,05_multimodal_fusion/analysis_master_long.csv,aoi_expanded_retained_row,q_S1,WWR:Complexity,WWR=75;Complexity=0,42,79,158,5.189873417721519,1.30726484889205,0.10400040728829553,4.98603261943646,5.393714216006578,5.0,1.0,Main retained fusion table. AOI-expanded rows must not be reported as scene-trial counts.
multimodal_retained,05_multimodal_fusion/analysis_master_long.csv,aoi_expanded_retained_row,q_S1,WWR:Complexity,WWR=75;Complexity=1,41,75,225,5.493333333333333,1.2821577794595216,0.08547718529730144,5.325798050150622,5.660868616516044,6.0,2.0,Main retained fusion table. AOI-expanded rows must not be reported as scene-trial counts.
multimodal_retained,05_multimodal_fusion/analysis_master_long.csv,aoi_expanded_retained_row,q_S1,WWR:ExperienceGroup,WWR=15;ExperienceGroup=High,16,59,148,5.6824324324324325,1.1666404010386147,0.09589725024013208,5.4944738219617735,5.870391042903091,6.0,1.0,Main retained fusion table. AOI-expanded rows must not be reported as scene-trial counts.
multimodal_retained,05_multimodal_fusion/analysis_master_long.csv,aoi_expanded_retained_row,q_S1,WWR:ExperienceGroup,WWR=15;ExperienceGroup=Low,26,91,227,5.533039647577093,1.2238453157275204,0.08122946658407831,5.373829893072299,5.692249402081886,6.0,1.5,Main retained fusion table. AOI-expanded rows must not be reported as scene-trial counts.
multimodal_retained,05_multimodal_fusion/analysis_master_long.csv,aoi_expanded_retained_row,q_S1,WWR:ExperienceGroup,WWR=45;ExperienceGroup=High,16,58,144,5.506944444444445,1.2002128469612705,0.10001773724677254,5.310909679440771,5.702979209448118,6.0,1.0,Main retained fusion table. AOI-expanded rows must not be reported as scene-trial counts.
multimodal_retained,05_multimodal_fusion/analysis_master_long.csv,aoi_expanded_retained_row,q_S1,WWR:ExperienceGroup,WWR=45;ExperienceGroup=Low,26,91,228,5.087719298245614,1.4605617379840339,0.09672806407255047,4.898132292663415,5.277306303827813,5.0,2.0,Main retained fusion table. AOI-expanded rows must not be reported as scene-trial counts.
multimodal_retained,05_multimodal_fusion/analysis_master_long.csv,aoi_expanded_retained_row,q_S1,WWR:ExperienceGroup,WWR=75;ExperienceGroup=High,16,60,150,5.506666666666667,1.1800731786355976,0.09635257156004791,5.317815626408973,5.6955177069243605,6.0,1.0,Main retained fusion table. AOI-expanded rows must not be reported as scene-trial counts.
multimodal_retained,05_multimodal_fusion/analysis_master_long.csv,aoi_expanded_retained_row,q_S1,WWR:ExperienceGroup,WWR=75;ExperienceGroup=Low,26,94,233,5.278969957081545,1.3659450321993505,0.08948603437183329,5.103577329712752,5.454362584450338,5.0,2.0,Main retained fusion table. AOI-expanded rows must not be reported as scene-trial counts.
multimodal_retained,05_multimodal_fusion/analysis_master_long.csv,aoi_expanded_retained_row,q_S2,overall,all,42,453,1130,5.4964601769911505,1.3613954443826368,0.040499071943762066,5.417081995981377,5.575838358000924,6.0,2.0,Main retained fusion table. AOI-expanded rows must not be reported as scene-trial counts.
multimodal_retained,05_multimodal_fusion/analysis_master_long.csv,aoi_expanded_retained_row,q_S2,WWR,WWR=15,42,150,375,5.768,1.244040338428125,0.06424196683656488,5.642085745000332,5.893914254999667,6.0,2.0,Main retained fusion table. AOI-expanded rows must not be reported as scene-trial counts.
multimodal_retained,05_multimodal_fusion/analysis_master_long.csv,aoi_expanded_retained_row,q_S2,WWR,WWR=45,42,149,372,5.336021505376344,1.3940548700350168,0.07227837800150068,5.194355884493403,5.477687126259285,6.0,2.0,Main retained fusion table. AOI-expanded rows must not be reported as scene-trial counts.
multimodal_retained,05_multimodal_fusion/analysis_master_long.csv,aoi_expanded_retained_row,q_S2,WWR,WWR=75,42,154,383,5.386422976501305,1.401952079117134,0.07163640482639619,5.246015623041568,5.526830329961042,6.0,3.0,Main retained fusion table. AOI-expanded rows must not be reported as scene-trial counts.
multimodal_retained,05_multimodal_fusion/analysis_master_long.csv,aoi_expanded_retained_row,q_S2,Complexity,Complexity=0,42,229,458,5.458515283842795,1.314547280352557,0.06142476052746612,5.338122753208961,5.578907814476628,6.0,2.0,Main retained fusion table. AOI-expanded rows must not be reported as scene-trial counts.
multimodal_retained,05_multimodal_fusion/analysis_master_long.csv,aoi_expanded_retained_row,q_S2,Complexity,Complexity=1,42,224,672,5.522321428571429,1.3927987983391161,0.053728380101725426,5.417013803572047,5.627629053570811,6.0,2.0,Main retained fusion table. AOI-expanded rows must not be reported as scene-trial counts.
multimodal_retained,05_multimodal_fusion/analysis_master_long.csv,aoi_expanded_retained_row,q_S2,ExperienceGroup,ExperienceGroup=High,16,177,442,5.742081447963801,1.1274731295025526,0.05362842786669325,5.636969729345082,5.84719316658252,6.0,2.0,Main retained fusion table. AOI-expanded rows must not be reported as scene-trial counts.
multimodal_retained,05_multimodal_fusion/analysis_master_long.csv,aoi_expanded_retained_row,q_S2,ExperienceGroup,ExperienceGroup=Low,26,276,688,5.338662790697675,1.4717581846062617,0.05611025475694115,5.22868669137407,5.44863889002128,6.0,3.0,Main retained fusion table. AOI-expanded rows must not be reported as scene-trial counts.
multimodal_retained,05_multimodal_fusion/analysis_master_long.csv,aoi_expanded_retained_row,q_S2,WWR:Complexity,WWR=15;Complexity=0,41,75,150,5.72,1.2102470766654143,0.09881626001750864,5.526320130365683,5.913679869634317,6.0,2.0,Main retained fusion table. AOI-expanded rows must not be reported as scene-trial counts.
multimodal_retained,05_multimodal_fusion/analysis_master_long.csv,aoi_expanded_retained_row,q_S2,WWR:Complexity,WWR=15;Complexity=1,42,75,225,5.8,1.267731382092775,0.08451542547285167,5.6343497660732105,5.965650233926789,6.0,2.0,Main retained fusion table. AOI-expanded rows must not be reported as scene-trial counts.
multimodal_retained,05_multimodal_fusion/analysis_master_long.csv,aoi_expanded_retained_row,q_S2,WWR:Complexity,WWR=45;Complexity=0,42,75,150,5.333333333333333,1.3141801060853207,0.10730235633419007,5.1230207149183205,5.543645951748346,5.0,2.0,Main retained fusion table. AOI-expanded rows must not be reported as scene-trial counts.
multimodal_retained,05_multimodal_fusion/analysis_master_long.csv,aoi_expanded_retained_row,q_S2,WWR:Complexity,WWR=45;Complexity=1,41,74,222,5.337837837837838,1.4484539458722707,0.09721386364708211,5.147298665089557,5.5283770105861185,6.0,2.0,Main retained fusion table. AOI-expanded rows must not be reported as scene-trial counts.
multimodal_retained,05_multimodal_fusion/analysis_master_long.csv,aoi_expanded_retained_row,q_S2,WWR:Complexity,WWR=75;Complexity=0,42,79,158,5.329113924050633,1.3797583005114928,0.1097676766373844,5.11396927784136,5.544258570259906,5.0,3.0,Main retained fusion table. AOI-expanded rows must not be reported as scene-trial counts.
multimodal_retained,05_multimodal_fusion/analysis_master_long.csv,aoi_expanded_retained_row,q_S2,WWR:Complexity,WWR=75;Complexity=1,41,75,225,5.426666666666667,1.419003674615196,0.0946002449743464,5.241250186516948,5.612083146816386,6.0,3.0,Main retained fusion table. AOI-expanded rows must not be reported as scene-trial counts.
multimodal_retained,05_multimodal_fusion/analysis_master_long.csv,aoi_expanded_retained_row,q_S2,WWR:ExperienceGroup,WWR=15;ExperienceGroup=High,16,59,148,6.033783783783784,1.0843069860548509,0.08912948521777084,5.859089992756953,6.208477574810615,6.0,1.0,Main retained fusion table. AOI-expanded rows must not be reported as scene-trial counts.
multimodal_retained,05_multimodal_fusion/analysis_master_long.csv,aoi_expanded_retained_row,q_S2,WWR:ExperienceGroup,WWR=15;ExperienceGroup=Low,26,91,227,5.594713656387666,1.3114770035798846,0.08704578599032493,5.424103915846628,5.765323396928703,6.0,2.0,Main retained fusion table. AOI-expanded rows must not be reported as scene-trial counts.
multimodal_retained,05_multimodal_fusion/analysis_master_long.csv,aoi_expanded_retained_row,q_S2,WWR:ExperienceGroup,WWR=45;ExperienceGroup=High,16,58,144,5.590277777777778,1.0337872151540695,0.08614893459617246,5.42142586596928,5.759129689586276,6.0,1.0,Main retained fusion table. AOI-expanded rows must not be reported as scene-trial counts.
multimodal_retained,05_multimodal_fusion/analysis_master_long.csv,aoi_expanded_retained_row,q_S2,WWR:ExperienceGroup,WWR=45;ExperienceGroup=Low,26,91,228,5.175438596491228,1.560783797421121,0.10336543210335636,4.97284234956865,5.378034843413806,6.0,2.0,Main retained fusion table. AOI-expanded rows must not be reported as scene-trial counts.
multimodal_retained,05_multimodal_fusion/analysis_master_long.csv,aoi_expanded_retained_row,q_S2,WWR:ExperienceGroup,WWR=75;ExperienceGroup=High,16,60,150,5.6,1.204020111763172,0.09830783046228485,5.407316652293922,5.7926833477060775,6.0,2.0,Main retained fusion table. AOI-expanded rows must not be reported as scene-trial counts.
multimodal_retained,05_multimodal_fusion/analysis_master_long.csv,aoi_expanded_retained_row,q_S2,WWR:ExperienceGroup,WWR=75;ExperienceGroup=Low,26,94,233,5.24892703862661,1.5022429089813425,0.09841520516495289,5.056033236503302,5.441820840749918,6.0,3.0,Main retained fusion table. AOI-expanded rows must not be reported as scene-trial counts.
multimodal_retained,05_multimodal_fusion/analysis_master_long.csv,aoi_expanded_retained_row,q_S3,overall,all,42,453,1130,5.260176991150442,1.484346418817251,0.04415664284259899,5.173629971178948,5.346724011121936,6.0,2.0,Main retained fusion table. AOI-expanded rows must not be reported as scene-trial counts.
multimodal_retained,05_multimodal_fusion/analysis_master_long.csv,aoi_expanded_retained_row,q_S3,WWR,WWR=15,42,150,375,5.338666666666667,1.4734634281695957,0.07608932424728711,5.189531591141984,5.487801742191349,6.0,3.0,Main retained fusion table. AOI-expanded rows must not be reported as scene-trial counts.
multimodal_retained,05_multimodal_fusion/analysis_master_long.csv,aoi_expanded_retained_row,q_S3,WWR,WWR=45,42,149,372,5.397849462365591,1.4528698985927497,0.07532779517842865,5.250206983815871,5.545491940915311,6.0,2.0,Main retained fusion table. AOI-expanded rows must not be reported as scene-trial counts.
multimodal_retained,05_multimodal_fusion/analysis_master_long.csv,aoi_expanded_retained_row,q_S3,WWR,WWR=75,42,154,383,5.049608355091384,1.5057111531031522,0.0769382458373637,4.8988093932501515,5.200407316932616,5.0,2.0,Main retained fusion table. AOI-expanded rows must not be reported as scene-trial counts.
multimodal_retained,05_multimodal_fusion/analysis_master_long.csv,aoi_expanded_retained_row,q_S3,Complexity,Complexity=0,42,229,458,5.262008733624454,1.5630854803055199,0.0730381879349184,5.1188538852720145,5.405163581976894,6.0,3.0,Main retained fusion table. AOI-expanded rows must not be reported as scene-trial counts.
multimodal_retained,05_multimodal_fusion/analysis_master_long.csv,aoi_expanded_retained_row,q_S3,Complexity,Complexity=1,42,224,672,5.258928571428571,1.4293842163013306,0.055139693239558675,5.150854772679036,5.367002370178106,5.5,2.0,Main retained fusion table. AOI-expanded rows must not be reported as scene-trial counts.
multimodal_retained,05_multimodal_fusion/analysis_master_long.csv,aoi_expanded_retained_row,q_S3,ExperienceGroup,ExperienceGroup=High,16,177,442,5.493212669683258,1.3952296749372521,0.0663643079572593,5.3631386260870295,5.623286713279486,6.0,2.0,Main retained fusion table. AOI-expanded rows must not be reported as scene-trial counts.
multimodal_retained,05_multimodal_fusion/analysis_master_long.csv,aoi_expanded_retained_row,q_S3,ExperienceGroup,ExperienceGroup=Low,26,276,688,5.1104651162790695,1.521129517487115,0.05799251917687745,4.99679977869239,5.224130453865749,5.0,2.0,Main retained fusion table. AOI-expanded rows must not be reported as scene-trial counts.
multimodal_retained,05_multimodal_fusion/analysis_master_long.csv,aoi_expanded_retained_row,q_S3,WWR:Complexity,WWR=15;Complexity=0,41,75,150,5.506666666666667,1.548962270790059,0.12647223980861297,5.258781076641785,5.754552256691548,6.0,2.0,Main retained fusion table. AOI-expanded rows must not be reported as scene-trial counts.
multimodal_retained,05_multimodal_fusion/analysis_master_long.csv,aoi_expanded_retained_row,q_S3,WWR:Complexity,WWR=15;Complexity=1,42,75,225,5.226666666666667,1.4133294025102567,0.09422196016735045,5.041991624738659,5.411341708594674,5.0,2.0,Main retained fusion table. AOI-expanded rows must not be reported as scene-trial counts.
multimodal_retained,05_multimodal_fusion/analysis_master_long.csv,aoi_expanded_retained_row,q_S3,WWR:Complexity,WWR=45;Complexity=0,42,75,150,5.346666666666667,1.5586376199826104,0.127262228762113,5.097232698292925,5.5961006350404086,6.0,3.0,Main retained fusion table. AOI-expanded rows must not be reported as scene-trial counts.
multimodal_retained,05_multimodal_fusion/analysis_master_long.csv,aoi_expanded_retained_row,q_S3,WWR:Complexity,WWR=45;Complexity=1,41,74,222,5.4324324324324325,1.3793671683082522,0.09257706273735057,5.250981389467225,5.61388347539764,6.0,1.0,Main retained fusion table. AOI-expanded rows must not be reported as scene-trial counts.
multimodal_retained,05_multimodal_fusion/analysis_master_long.csv,aoi_expanded_retained_row,q_S3,WWR:Complexity,WWR=75;Complexity=0,42,79,158,4.949367088607595,1.5384559566752913,0.12239298427165693,4.709476839435147,5.189257337780043,5.0,2.0,Main retained fusion table. AOI-expanded rows must not be reported as scene-trial counts.
multimodal_retained,05_multimodal_fusion/analysis_master_long.csv,aoi_expanded_retained_row,q_S3,WWR:Complexity,WWR=75;Complexity=1,41,75,225,5.12,1.481673763976788,0.09877825093178587,4.9263946281737,5.3136053718263,5.0,2.0,Main retained fusion table. AOI-expanded rows must not be reported as scene-trial counts.
multimodal_retained,05_multimodal_fusion/analysis_master_long.csv,aoi_expanded_retained_row,q_S3,WWR:ExperienceGroup,WWR=15;ExperienceGroup=High,16,59,148,5.493243243243243,1.584347852367331,0.13023259123430347,5.237987364424008,5.748499122062478,6.0,2.0,Main retained fusion table. AOI-expanded rows must not be reported as scene-trial counts.
multimodal_retained,05_multimodal_fusion/analysis_master_long.csv,aoi_expanded_retained_row,q_S3,WWR:ExperienceGroup,WWR=15;ExperienceGroup=Low,26,91,227,5.237885462555066,1.3907949357093616,0.09231030204854876,5.05695727053991,5.418813654570221,5.0,2.0,Main retained fusion table. AOI-expanded rows must not be reported as scene-trial counts.
multimodal_retained,05_multimodal_fusion/analysis_master_long.csv,aoi_expanded_retained_row,q_S3,WWR:ExperienceGroup,WWR=45;ExperienceGroup=High,16,58,144,5.680555555555555,1.2607733101352279,0.105064442511269,5.474629248233468,5.886481862877643,6.0,2.0,Main retained fusion table. AOI-expanded rows must not be reported as scene-trial counts.
multimodal_retained,05_multimodal_fusion/analysis_master_long.csv,aoi_expanded_retained_row,q_S3,WWR:ExperienceGroup,WWR=45;ExperienceGroup=Low,26,91,228,5.219298245614035,1.5381135647183133,0.10186405926550321,5.019644689453648,5.418951801774422,6.0,2.0,Main retained fusion table. AOI-expanded rows must not be reported as scene-trial counts.
multimodal_retained,05_multimodal_fusion/analysis_master_long.csv,aoi_expanded_retained_row,q_S3,WWR:ExperienceGroup,WWR=75;ExperienceGroup=High,16,60,150,5.3133333333333335,1.3011954579104559,0.10624216425025741,5.105098691402829,5.521567975263838,5.0,1.75,Main retained fusion table. AOI-expanded rows must not be reported as scene-trial counts.
multimodal_retained,05_multimodal_fusion/analysis_master_long.csv,aoi_expanded_retained_row,q_S3,WWR:ExperienceGroup,WWR=75;ExperienceGroup=Low,26,94,233,4.879828326180258,1.6036531478711122,0.10505881080721959,4.673913056998107,5.085743595362408,5.0,2.0,Main retained fusion table. AOI-expanded rows must not be reported as scene-trial counts.
multimodal_retained,05_multimodal_fusion/analysis_master_long.csv,aoi_expanded_retained_row,q_S4,overall,all,42,453,1130,5.283185840707965,1.5026933395687492,0.0447024308181114,5.195569076304467,5.3708026051114635,6.0,3.0,Main retained fusion table. AOI-expanded rows must not be reported as scene-trial counts.
multimodal_retained,05_multimodal_fusion/analysis_master_long.csv,aoi_expanded_retained_row,q_S4,WWR,WWR=15,42,150,375,5.509333333333333,1.438319478888873,0.07427449851016447,5.36375531625341,5.654911350413256,6.0,2.0,Main retained fusion table. AOI-expanded rows must not be reported as scene-trial counts.
multimodal_retained,05_multimodal_fusion/analysis_master_long.csv,aoi_expanded_retained_row,q_S4,WWR,WWR=45,42,149,372,5.029569892473118,1.5424581592378606,0.07997273011362359,4.872823341450416,5.18631644349582,5.0,2.0,Main retained fusion table. AOI-expanded rows must not be reported as scene-trial counts.
multimodal_retained,05_multimodal_fusion/analysis_master_long.csv,aoi_expanded_retained_row,q_S4,WWR,WWR=75,42,154,383,5.308093994778068,1.4913756506849607,0.07620573588219744,5.158730752448961,5.4574572371071755,6.0,2.0,Main retained fusion table. AOI-expanded rows must not be reported as scene-trial counts.
multimodal_retained,05_multimodal_fusion/analysis_master_long.csv,aoi_expanded_retained_row,q_S4,Complexity,Complexity=0,42,229,458,5.17467248908297,1.5273052317914995,0.07136628671886058,5.0347945671140035,5.314550411051936,5.0,2.0,Main retained fusion table. AOI-expanded rows must not be reported as scene-trial counts.
multimodal_retained,05_multimodal_fusion/analysis_master_long.csv,aoi_expanded_retained_row,q_S4,Complexity,Complexity=1,42,224,672,5.357142857142857,1.4822776781628677,0.0571801028286405,5.245069855598722,5.469215858686992,6.0,2.25,Main retained fusion table. AOI-expanded rows must not be reported as scene-trial counts.
multimodal_retained,05_multimodal_fusion/analysis_master_long.csv,aoi_expanded_retained_row,q_S4,ExperienceGroup,ExperienceGroup=High,16,177,442,5.450226244343892,1.3959814185844412,0.06640006475615996,5.320082117421818,5.580370371265965,6.0,2.0,Main retained fusion table. AOI-expanded rows must not be reported as scene-trial counts.
multimodal_retained,05_multimodal_fusion/analysis_master_long.csv,aoi_expanded_retained_row,q_S4,ExperienceGroup,ExperienceGroup=Low,26,276,688,5.175872093023256,1.558990210235513,0.05943594455586063,5.059377641693769,5.292366544352743,5.0,2.0,Main retained fusion table. AOI-expanded rows must not be reported as scene-trial counts.
multimodal_retained,05_multimodal_fusion/analysis_master_long.csv,aoi_expanded_retained_row,q_S4,WWR:Complexity,WWR=15;Complexity=0,41,75,150,5.253333333333333,1.555189048119713,0.12698065404859904,5.004451251398079,5.502215415268587,6.0,2.75,Main retained fusion table. AOI-expanded rows must not be reported as scene-trial counts.
multimodal_retained,05_multimodal_fusion/analysis_master_long.csv,aoi_expanded_retained_row,q_S4,WWR:Complexity,WWR=15;Complexity=1,42,75,225,5.68,1.3312185609969749,0.08874790406646499,5.506054108029728,5.853945891970271,6.0,2.0,Main retained fusion table. AOI-expanded rows must not be reported as scene-trial counts.
multimodal_retained,05_multimodal_fusion/analysis_master_long.csv,aoi_expanded_retained_row,q_S4,WWR:Complexity,WWR=45;Complexity=0,42,75,150,4.973333333333334,1.5627658610506323,0.1275992982338415,4.723238708795004,5.223427957871663,5.0,2.0,Main retained fusion table. AOI-expanded rows must not be reported as scene-trial counts.
multimodal_retained,05_multimodal_fusion/analysis_master_long.csv,aoi_expanded_retained_row,q_S4,WWR:Complexity,WWR=45;Complexity=1,41,74,222,5.0675675675675675,1.5309573003826598,0.1027511262425938,4.866175360132083,5.268959775003052,5.0,2.0,Main retained fusion table. AOI-expanded rows must not be reported as scene-trial counts.
multimodal_retained,05_multimodal_fusion/analysis_master_long.csv,aoi_expanded_retained_row,q_S4,WWR:Complexity,WWR=75;Complexity=0,42,79,158,5.291139240506329,1.4555135564372692,0.1157944412040192,5.064182135746451,5.518096345266207,6.0,1.0,Main retained fusion table. AOI-expanded rows must not be reported as scene-trial counts.
multimodal_retained,05_multimodal_fusion/analysis_master_long.csv,aoi_expanded_retained_row,q_S4,WWR:Complexity,WWR=75;Complexity=1,41,75,225,5.32,1.51916330355138,0.10127755357009201,5.12149599500262,5.51850400499738,6.0,3.0,Main retained fusion table. AOI-expanded rows must not be reported as scene-trial counts.
multimodal_retained,05_multimodal_fusion/analysis_master_long.csv,aoi_expanded_retained_row,q_S4,WWR:ExperienceGroup,WWR=15;ExperienceGroup=High,16,59,148,5.641891891891892,1.4238499841446703,0.11703974773406642,5.412493986333122,5.871289797450662,6.0,2.0,Main retained fusion table. AOI-expanded rows must not be reported as scene-trial counts.
multimodal_retained,05_multimodal_fusion/analysis_master_long.csv,aoi_expanded_retained_row,q_S4,WWR:ExperienceGroup,WWR=15;ExperienceGroup=Low,26,91,227,5.422907488986784,1.4442453415012604,0.0958579300824049,5.23502594602527,5.610789031948298,6.0,3.0,Main retained fusion table. AOI-expanded rows must not be reported as scene-trial counts.
multimodal_retained,05_multimodal_fusion/analysis_master_long.csv,aoi_expanded_retained_row,q_S4,WWR:ExperienceGroup,WWR=45;ExperienceGroup=High,16,58,144,5.305555555555555,1.3446489534747752,0.11205407945623126,5.085929559821342,5.525181551289768,5.0,1.0,Main retained fusion table. AOI-expanded rows must not be reported as scene-trial counts.
multimodal_retained,05_multimodal_fusion/analysis_master_long.csv,aoi_expanded_retained_row,q_S4,WWR:ExperienceGroup,WWR=45;ExperienceGroup=Low,26,91,228,4.855263157894737,1.6341936596459394,0.10822711899557931,4.643138004663402,5.067388311126073,5.0,2.0,Main retained fusion table. AOI-expanded rows must not be reported as scene-trial counts.
multimodal_retained,05_multimodal_fusion/analysis_master_long.csv,aoi_expanded_retained_row,q_S4,WWR:ExperienceGroup,WWR=75;ExperienceGroup=High,16,60,150,5.4,1.4046901303903674,0.11469246887266567,5.175202761009576,5.624797238990425,6.0,1.0,Main retained fusion table. AOI-expanded rows must not be reported as scene-trial counts.
multimodal_retained,05_multimodal_fusion/analysis_master_long.csv,aoi_expanded_retained_row,q_S4,WWR:ExperienceGroup,WWR=75;ExperienceGroup=Low,26,94,233,5.24892703862661,1.5446825247967018,0.10119551683932954,5.050583825621524,5.4472702516316955,6.0,3.0,Main retained fusion table. AOI-expanded rows must not be reported as scene-trial counts.
multimodal_retained,05_multimodal_fusion/analysis_master_long.csv,aoi_expanded_retained_row,q_S5,overall,all,42,453,1130,6.5194690265486726,1.7475965227174968,0.05198786112752104,6.417572818738732,6.621365234358613,7.0,3.0,Main retained fusion table. AOI-expanded rows must not be reported as scene-trial counts.
multimodal_retained,05_multimodal_fusion/analysis_master_long.csv,aoi_expanded_retained_row,q_S5,WWR,WWR=15,42,150,375,6.8053333333333335,1.6325477393363177,0.08430440275117501,6.640096703941031,6.970569962725636,7.0,2.0,Main retained fusion table. AOI-expanded rows must not be reported as scene-trial counts.
multimodal_retained,05_multimodal_fusion/analysis_master_long.csv,aoi_expanded_retained_row,q_S5,WWR,WWR=45,42,149,372,6.255376344086022,1.706764129366837,0.08849159782260202,6.081932812353722,6.428819875818322,6.0,3.0,Main retained fusion table. AOI-expanded rows must not be reported as scene-trial counts.
multimodal_retained,05_multimodal_fusion/analysis_master_long.csv,aoi_expanded_retained_row,q_S5,WWR,WWR=75,42,154,383,6.496083550913838,1.8544866532082869,0.09475984137634552,6.3103542618162,6.681812840011475,7.0,3.0,Main retained fusion table. AOI-expanded rows must not be reported as scene-trial counts.
multimodal_retained,05_multimodal_fusion/analysis_master_long.csv,aoi_expanded_retained_row,q_S5,Complexity,Complexity=0,42,229,458,6.462882096069869,1.7439291358043174,0.08148845701078307,6.303164720328734,6.622599471811004,7.0,3.0,Main retained fusion table. AOI-expanded rows must not be reported as scene-trial counts.
multimodal_retained,05_multimodal_fusion/analysis_master_long.csv,aoi_expanded_retained_row,q_S5,Complexity,Complexity=1,42,224,672,6.558035714285714,1.7503402297084991,0.06752084025435971,6.425694867387169,6.69037656118426,7.0,3.0,Main retained fusion table. AOI-expanded rows must not be reported as scene-trial counts.
multimodal_retained,05_multimodal_fusion/analysis_master_long.csv,aoi_expanded_retained_row,q_S5,ExperienceGroup,ExperienceGroup=High,16,177,442,6.647058823529412,1.7280801981201914,0.08219639282546631,6.485953893591498,6.808163753467326,7.0,2.0,Main retained fusion table. AOI-expanded rows must not be reported as scene-trial counts.
multimodal_retained,05_multimodal_fusion/analysis_master_long.csv,aoi_expanded_retained_row,q_S5,ExperienceGroup,ExperienceGroup=Low,26,276,688,6.4375,1.7563826213737586,0.06696145967913267,6.3062555390289,6.5687444609711,7.0,3.0,Main retained fusion table. AOI-expanded rows must not be reported as scene-trial counts.
multimodal_retained,05_multimodal_fusion/analysis_master_long.csv,aoi_expanded_retained_row,q_S5,WWR:Complexity,WWR=15;Complexity=0,41,75,150,6.533333333333333,1.6493507637353708,0.1346689259340464,6.269382238502602,6.7972844281640645,7.0,3.0,Main retained fusion table. AOI-expanded rows must not be reported as scene-trial counts.
multimodal_retained,05_multimodal_fusion/analysis_master_long.csv,aoi_expanded_retained_row,q_S5,WWR:Complexity,WWR=15;Complexity=1,42,75,225,6.986666666666666,1.5993302169524413,0.10662201446349609,6.777687518318214,7.195645815015118,7.0,2.0,Main retained fusion table. AOI-expanded rows must not be reported as scene-trial counts.
multimodal_retained,05_multimodal_fusion/analysis_master_long.csv,aoi_expanded_retained_row,q_S5,WWR:Complexity,WWR=45;Complexity=0,42,75,150,6.293333333333333,1.7781170444359524,0.14518264872712686,6.008775341828164,6.577891324838502,6.0,3.0,Main retained fusion table. AOI-expanded rows must not be reported as scene-trial counts.
multimodal_retained,05_multimodal_fusion/analysis_master_long.csv,aoi_expanded_retained_row,q_S5,WWR:Complexity,WWR=45;Complexity=1,41,74,222,6.22972972972973,1.6604036250612886,0.11143899470592003,6.011309300106126,6.448150159353333,6.0,2.0,Main retained fusion table. AOI-expanded rows must not be reported as scene-trial counts.
multimodal_retained,05_multimodal_fusion/analysis_master_long.csv,aoi_expanded_retained_row,q_S5,WWR:Complexity,WWR=75;Complexity=0,42,79,158,6.556962025316456,1.7970027093474958,0.14296185951049226,6.276756780675891,6.837167269957021,7.0,2.0,Main retained fusion table. AOI-expanded rows must not be reported as scene-trial counts.
multimodal_retained,05_multimodal_fusion/analysis_master_long.csv,aoi_expanded_retained_row,q_S5,WWR:Complexity,WWR=75;Complexity=1,41,75,225,6.453333333333333,1.8966135233997612,0.12644090155998408,6.205509166275764,6.701157500390902,6.0,3.0,Main retained fusion table. AOI-expanded rows must not be reported as scene-trial counts.
multimodal_retained,05_multimodal_fusion/analysis_master_long.csv,aoi_expanded_retained_row,q_S5,WWR:ExperienceGroup,WWR=15;ExperienceGroup=High,16,59,148,6.9391891891891895,1.7736788754111075,0.14579550546124553,6.653429998485148,7.224948379893231,7.0,2.25,Main retained fusion table. AOI-expanded rows must not be reported as scene-trial counts.
multimodal_retained,05_multimodal_fusion/analysis_master_long.csv,aoi_expanded_retained_row,q_S5,WWR:ExperienceGroup,WWR=15;ExperienceGroup=Low,26,91,227,6.71806167400881,1.531318980222062,0.1016372104668879,6.51885274149371,6.9172706065239105,7.0,2.0,Main retained fusion table. AOI-expanded rows must not be reported as scene-trial counts.
multimodal_retained,05_multimodal_fusion/analysis_master_long.csv,aoi_expanded_retained_row,q_S5,WWR:ExperienceGroup,WWR=45;ExperienceGroup=High,16,58,144,6.465277777777778,1.6168396802622553,0.13473664002185462,6.201193963334942,6.729361592220613,7.0,2.0,Main retained fusion table. AOI-expanded rows must not be reported as scene-trial counts.
multimodal_retained,05_multimodal_fusion/analysis_master_long.csv,aoi_expanded_retained_row,q_S5,WWR:ExperienceGroup,WWR=45;ExperienceGroup=Low,26,91,228,6.12280701754386,1.7517284145565015,0.11601104829351676,5.895425362888567,6.3501886721991525,6.0,2.25,Main retained fusion table. AOI-expanded rows must not be reported as scene-trial counts.
multimodal_retained,05_multimodal_fusion/analysis_master_long.csv,aoi_expanded_retained_row,q_S5,WWR:ExperienceGroup,WWR=75;ExperienceGroup=High,16,60,150,6.533333333333333,1.7596013378060804,0.14367084761145174,6.251738472014888,6.814928194651778,7.0,2.0,Main retained fusion table. AOI-expanded rows must not be reported as scene-trial counts.
multimodal_retained,05_multimodal_fusion/analysis_master_long.csv,aoi_expanded_retained_row,q_S5,WWR:ExperienceGroup,WWR=75;ExperienceGroup=Low,26,94,233,6.472103004291846,1.9164315230260205,0.1255496034599897,6.226025781510266,6.718180227073425,7.0,3.0,Main retained fusion table. AOI-expanded rows must not be reported as scene-trial counts.
multimodal_retained,05_multimodal_fusion/analysis_master_long.csv,aoi_expanded_retained_row,q_S5_7,overall,all,42,453,1130,5.139601769911504,1.3106973920381226,0.03899089584564078,5.063179614054048,5.21602392576896,5.5,2.25,Main retained fusion table. AOI-expanded rows must not be reported as scene-trial counts.
multimodal_retained,05_multimodal_fusion/analysis_master_long.csv,aoi_expanded_retained_row,q_S5_7,WWR,WWR=15,42,150,375,5.354,1.2244108045022382,0.06322830206338124,5.230072527955773,5.477927472044227,5.5,1.5,Main retained fusion table. AOI-expanded rows must not be reported as scene-trial counts.
multimodal_retained,05_multimodal_fusion/analysis_master_long.csv,aoi_expanded_retained_row,q_S5_7,WWR,WWR=45,42,149,372,4.941532258064516,1.2800730970251277,0.06636869836695151,4.811449609265291,5.071614906863741,4.75,2.25,Main retained fusion table. AOI-expanded rows must not be reported as scene-trial counts.
multimodal_retained,05_multimodal_fusion/analysis_master_long.csv,aoi_expanded_retained_row,q_S5_7,WWR,WWR=75,42,154,383,5.122062663185378,1.390864989906215,0.07106988103225914,4.982765696362151,5.261359630008606,5.5,2.25,Main retained fusion table. AOI-expanded rows must not be reported as scene-trial counts.
multimodal_retained,05_multimodal_fusion/analysis_master_long.csv,aoi_expanded_retained_row,q_S5_7,Complexity,Complexity=0,42,229,458,5.097161572052402,1.3079468518532382,0.061116342758087305,4.977373540246551,5.216949603858253,5.5,2.25,Main retained fusion table. AOI-expanded rows must not be reported as scene-trial counts.
multimodal_retained,05_multimodal_fusion/analysis_master_long.csv,aoi_expanded_retained_row,q_S5_7,Complexity,Complexity=1,42,224,672,5.168526785714286,1.3127551722813742,0.05064063019076978,5.069271150540377,5.267782420888194,5.5,2.25,Main retained fusion table. AOI-expanded rows must not be reported as scene-trial counts.
multimodal_retained,05_multimodal_fusion/analysis_master_long.csv,aoi_expanded_retained_row,q_S5_7,ExperienceGroup,ExperienceGroup=High,16,177,442,5.235294117647059,1.2960601485901437,0.06164729461909975,5.114465420193623,5.356122815100495,5.5,1.5,Main retained fusion table. AOI-expanded rows must not be reported as scene-trial counts.
multimodal_retained,05_multimodal_fusion/analysis_master_long.csv,aoi_expanded_retained_row,q_S5_7,ExperienceGroup,ExperienceGroup=Low,26,276,688,5.078125,1.3172869660303188,0.0502210947593495,4.979691654271675,5.176558345728325,5.5,2.25,Main retained fusion table. AOI-expanded rows must not be reported as scene-trial counts.
multimodal_retained,05_multimodal_fusion/analysis_master_long.csv,aoi_expanded_retained_row,q_S5_7,WWR:Complexity,WWR=15;Complexity=0,41,75,150,5.15,1.2370130728015285,0.10100169445053483,4.9520366788769525,5.347963321123048,5.5,2.25,Main retained fusion table. AOI-expanded rows must not be reported as scene-trial counts.
multimodal_retained,05_multimodal_fusion/analysis_master_long.csv,aoi_expanded_retained_row,q_S5_7,WWR:Complexity,WWR=15;Complexity=1,42,75,225,5.49,1.199497662714331,0.07996651084762206,5.333265638738661,5.646734361261339,5.5,1.5,Main retained fusion table. AOI-expanded rows must not be reported as scene-trial counts.
multimodal_retained,05_multimodal_fusion/analysis_master_long.csv,aoi_expanded_retained_row,q_S5_7,WWR:Complexity,WWR=45;Complexity=0,42,75,150,4.97,1.3335877833269643,0.10888698654534515,4.756581506371123,5.183418493628876,4.75,2.25,Main retained fusion table. AOI-expanded rows must not be reported as scene-trial counts.
multimodal_retained,05_multimodal_fusion/analysis_master_long.csv,aoi_expanded_retained_row,q_S5_7,WWR:Complexity,WWR=45;Complexity=1,41,74,222,4.922297297297297,1.2453027187959667,0.08357924602944004,4.758481975079595,5.086112619515,4.75,1.5,Main retained fusion table. AOI-expanded rows must not be reported as scene-trial counts.
multimodal_retained,05_multimodal_fusion/analysis_master_long.csv,aoi_expanded_retained_row,q_S5_7,WWR:Complexity,WWR=75;Complexity=0,42,79,158,5.167721518987341,1.347752032010622,0.1072213946328692,4.957567585506918,5.377875452467765,5.5,1.5,Main retained fusion table. AOI-expanded rows must not be reported as scene-trial counts.
multimodal_retained,05_multimodal_fusion/analysis_master_long.csv,aoi_expanded_retained_row,q_S5_7,WWR:Complexity,WWR=75;Complexity=1,41,75,225,5.09,1.422460142549821,0.09483067616998805,4.904131874706823,5.275868125293177,4.75,2.25,Main retained fusion table. AOI-expanded rows must not be reported as scene-trial counts.
multimodal_retained,05_multimodal_fusion/analysis_master_long.csv,aoi_expanded_retained_row,q_S5_7,WWR:ExperienceGroup,WWR=15;ExperienceGroup=High,16,59,148,5.454391891891892,1.3302591565583306,0.10934662909593415,5.240072498863861,5.668711284919923,5.5,1.6875,Main retained fusion table. AOI-expanded rows must not be reported as scene-trial counts.
multimodal_retained,05_multimodal_fusion/analysis_master_long.csv,aoi_expanded_retained_row,q_S5_7,WWR:ExperienceGroup,WWR=15;ExperienceGroup=Low,26,91,227,5.288546255506608,1.1484892351665463,0.07622790785016591,5.139139556120283,5.437952954892933,5.5,1.5,Main retained fusion table. AOI-expanded rows must not be reported as scene-trial counts.
multimodal_retained,05_multimodal_fusion/analysis_master_long.csv,aoi_expanded_retained_row,q_S5_7,WWR:ExperienceGroup,WWR=45;ExperienceGroup=High,16,58,144,5.098958333333333,1.2126297601966916,0.10105248001639096,4.900895472501206,5.29702119416546,5.5,1.5,Main retained fusion table. AOI-expanded rows must not be reported as scene-trial counts.
multimodal_retained,05_multimodal_fusion/analysis_master_long.csv,aoi_expanded_retained_row,q_S5_7,WWR:ExperienceGroup,WWR=45;ExperienceGroup=Low,26,91,228,4.842105263157895,1.3137963109173763,0.08700828622013758,4.671569022166425,5.012641504149364,4.75,1.6875,Main retained fusion table. AOI-expanded rows must not be reported as scene-trial counts.
multimodal_retained,05_multimodal_fusion/analysis_master_long.csv,aoi_expanded_retained_row,q_S5_7,WWR:ExperienceGroup,WWR=75;ExperienceGroup=High,16,60,150,5.15,1.3197010033545606,0.10775313570858883,4.938803854011166,5.361196145988835,5.5,1.5,Main retained fusion table. AOI-expanded rows must not be reported as scene-trial counts.
multimodal_retained,05_multimodal_fusion/analysis_master_long.csv,aoi_expanded_retained_row,q_S5_7,WWR:ExperienceGroup,WWR=75;ExperienceGroup=Low,26,94,233,5.104077253218884,1.4373236422695153,0.09416220259499226,4.9195193361327,5.288635170305069,5.5,2.25,Main retained fusion table. AOI-expanded rows must not be reported as scene-trial counts.
multimodal_retained,05_multimodal_fusion/analysis_master_long.csv,aoi_expanded_retained_row,q_Afford4,overall,all,42,453,1130,5.360840707964602,1.272470206460947,0.03785370565943472,5.28664744487211,5.435033971057094,5.5,2.0,Main retained fusion table. AOI-expanded rows must not be reported as scene-trial counts.
multimodal_retained,05_multimodal_fusion/analysis_master_long.csv,aoi_expanded_retained_row,q_Afford4,WWR,WWR=15,42,150,375,5.552,1.1816737879704664,0.06102137201945934,5.432398110841859,5.67160188915814,5.75,1.75,Main retained fusion table. AOI-expanded rows must not be reported as scene-trial counts.
multimodal_retained,05_multimodal_fusion/analysis_master_long.csv,aoi_expanded_retained_row,q_Afford4,WWR,WWR=45,42,149,372,5.253360215053763,1.3016248395736392,0.06748610416495515,5.121087450890451,5.385632979217075,5.5,1.75,Main retained fusion table. AOI-expanded rows must not be reported as scene-trial counts.
multimodal_retained,05_multimodal_fusion/analysis_master_long.csv,aoi_expanded_retained_row,q_Afford4,WWR,WWR=75,42,154,383,5.278067885117493,1.3110842104525062,0.06699327363644116,5.1467610687900684,5.409374701444918,5.25,2.0,Main retained fusion table. AOI-expanded rows must not be reported as scene-trial counts.
multimodal_retained,05_multimodal_fusion/analysis_master_long.csv,aoi_expanded_retained_row,q_Afford4,Complexity,Complexity=0,42,229,458,5.279475982532751,1.282756429494224,0.05993927162179984,5.1619950101540235,5.396956954911478,5.5,2.0,Main retained fusion table. AOI-expanded rows must not be reported as scene-trial counts.
multimodal_retained,05_multimodal_fusion/analysis_master_long.csv,aoi_expanded_retained_row,q_Afford4,Complexity,Complexity=1,42,224,672,5.416294642857143,1.263366138336135,0.04873540684348431,5.320773245443914,5.511816040270372,5.75,2.0,Main retained fusion table. AOI-expanded rows must not be reported as scene-trial counts.
multimodal_retained,05_multimodal_fusion/analysis_master_long.csv,aoi_expanded_retained_row,q_Afford4,ExperienceGroup,ExperienceGroup=High,16,177,442,5.5627828054298645,1.09090267928326,0.05188894893782234,5.461080465511733,5.664485145347996,5.75,1.5,Main retained fusion table. AOI-expanded rows must not be reported as scene-trial counts.
multimodal_retained,05_multimodal_fusion/analysis_master_long.csv,aoi_expanded_retained_row,q_Afford4,ExperienceGroup,ExperienceGroup=Low,26,276,688,5.2311046511627906,1.3615799969202214,0.051909750730951505,5.129361539730126,5.332847762595455,5.5,2.0625,Main retained fusion table. AOI-expanded rows must not be reported as scene-trial counts.
multimodal_retained,05_multimodal_fusion/analysis_master_long.csv,aoi_expanded_retained_row,q_Afford4,WWR:Complexity,WWR=15;Complexity=0,41,75,150,5.45,1.2444507696653997,0.1016089798564676,5.250846399481324,5.649153600518677,5.75,1.75,Main retained fusion table. AOI-expanded rows must not be reported as scene-trial counts.
multimodal_retained,05_multimodal_fusion/analysis_master_long.csv,aoi_expanded_retained_row,q_Afford4,WWR:Complexity,WWR=15;Complexity=1,42,75,225,5.62,1.1356342626794194,0.07570895084529462,5.471610456343223,5.768389543656777,6.0,1.5,Main retained fusion table. AOI-expanded rows must not be reported as scene-trial counts.
multimodal_retained,05_multimodal_fusion/analysis_master_long.csv,aoi_expanded_retained_row,q_Afford4,WWR:Complexity,WWR=45;Complexity=0,42,75,150,5.203333333333333,1.2847148205039012,0.10489652584086126,4.997736142685245,5.408930523981422,5.25,2.0,Main retained fusion table. AOI-expanded rows must not be reported as scene-trial counts.
multimodal_retained,05_multimodal_fusion/analysis_master_long.csv,aoi_expanded_retained_row,q_Afford4,WWR:Complexity,WWR=45;Complexity=1,41,74,222,5.287162162162162,1.314737060858674,0.08823937394095882,5.114212989237883,5.460111335086442,5.5,1.75,Main retained fusion table. AOI-expanded rows must not be reported as scene-trial counts.
multimodal_retained,05_multimodal_fusion/analysis_master_long.csv,aoi_expanded_retained_row,q_Afford4,WWR:Complexity,WWR=75;Complexity=0,42,79,158,5.189873417721519,1.3084823646211479,0.10409726763898378,4.985842773149111,5.393904062293927,5.25,1.75,Main retained fusion table. AOI-expanded rows must not be reported as scene-trial counts.
multimodal_retained,05_multimodal_fusion/analysis_master_long.csv,aoi_expanded_retained_row,q_Afford4,WWR:Complexity,WWR=75;Complexity=1,41,75,225,5.34,1.3122703880788331,0.08748469253858887,5.168530002624365,5.5114699973756345,5.5,2.0,Main retained fusion table. AOI-expanded rows must not be reported as scene-trial counts.
multimodal_retained,05_multimodal_fusion/analysis_master_long.csv,aoi_expanded_retained_row,q_Afford4,WWR:ExperienceGroup,WWR=15;ExperienceGroup=High,16,59,148,5.712837837837838,1.1155079014899223,0.09169418466803375,5.533117235888492,5.892558439787184,6.0,1.25,Main retained fusion table. AOI-expanded rows must not be reported as scene-trial counts.
multimodal_retained,05_multimodal_fusion/analysis_master_long.csv,aoi_expanded_retained_row,q_Afford4,WWR:ExperienceGroup,WWR=15;ExperienceGroup=Low,26,91,227,5.447136563876652,1.2138409723050823,0.0805654549894059,5.289228272097416,5.605044855655887,5.75,1.5,Main retained fusion table. AOI-expanded rows must not be reported as scene-trial counts.
multimodal_retained,05_multimodal_fusion/analysis_master_long.csv,aoi_expanded_retained_row,q_Afford4,WWR:ExperienceGroup,WWR=45;ExperienceGroup=High,16,58,144,5.520833333333333,1.011083680903915,0.08425697340865958,5.355689665452361,5.685977001214305,5.75,1.25,Main retained fusion table. AOI-expanded rows must not be reported as scene-trial counts.
multimodal_retained,05_multimodal_fusion/analysis_master_long.csv,aoi_expanded_retained_row,q_Afford4,WWR:ExperienceGroup,WWR=45;ExperienceGroup=Low,26,91,228,5.084429824561403,1.4321085558569084,0.09484370605310834,4.898536160697311,5.270323488425496,5.25,2.0625,Main retained fusion table. AOI-expanded rows must not be reported as scene-trial counts.
multimodal_retained,05_multimodal_fusion/analysis_master_long.csv,aoi_expanded_retained_row,q_Afford4,WWR:ExperienceGroup,WWR=75;ExperienceGroup=High,16,60,150,5.455,1.1303730749582652,0.09229457508761837,5.274102632828268,5.635897367171732,5.5,1.5,Main retained fusion table. AOI-expanded rows must not be reported as scene-trial counts.
multimodal_retained,05_multimodal_fusion/analysis_master_long.csv,aoi_expanded_retained_row,q_Afford4,WWR:ExperienceGroup,WWR=75;ExperienceGroup=Low,26,94,233,5.164163090128755,1.405857913619638,0.09210081417223562,4.983645494351173,5.344680685906337,5.25,2.0,Main retained fusion table. AOI-expanded rows must not be reported as scene-trial counts.
multimodal_retained,05_multimodal_fusion/analysis_master_long.csv,aoi_expanded_retained_row,q_Bmean,overall,all,41,75,225,4.48,1.429118942698946,0.09527459617992973,4.293261791487338,4.666738208512663,4.666666666666667,2.333333333333334,Main retained fusion table. AOI-expanded rows must not be reported as scene-trial counts.
multimodal_retained,05_multimodal_fusion/analysis_master_long.csv,aoi_expanded_retained_row,q_Bmean,WWR,WWR=15,0,0,0,,,,,,,,Main retained fusion table. AOI-expanded rows must not be reported as scene-trial counts.
multimodal_retained,05_multimodal_fusion/analysis_master_long.csv,aoi_expanded_retained_row,q_Bmean,WWR,WWR=45,0,0,0,,,,,,,,Main retained fusion table. AOI-expanded rows must not be reported as scene-trial counts.
multimodal_retained,05_multimodal_fusion/analysis_master_long.csv,aoi_expanded_retained_row,q_Bmean,WWR,WWR=75,41,75,225,4.48,1.429118942698946,0.09527459617992973,4.293261791487338,4.666738208512663,4.666666666666667,2.333333333333334,Main retained fusion table. AOI-expanded rows must not be reported as scene-trial counts.
multimodal_retained,05_multimodal_fusion/analysis_master_long.csv,aoi_expanded_retained_row,q_Bmean,Complexity,Complexity=0,0,0,0,,,,,,,,Main retained fusion table. AOI-expanded rows must not be reported as scene-trial counts.
multimodal_retained,05_multimodal_fusion/analysis_master_long.csv,aoi_expanded_retained_row,q_Bmean,Complexity,Complexity=1,41,75,225,4.48,1.429118942698946,0.09527459617992973,4.293261791487338,4.666738208512663,4.666666666666667,2.333333333333334,Main retained fusion table. AOI-expanded rows must not be reported as scene-trial counts.
multimodal_retained,05_multimodal_fusion/analysis_master_long.csv,aoi_expanded_retained_row,q_Bmean,ExperienceGroup,ExperienceGroup=High,16,30,90,4.844444444444444,1.256394381334217,0.13243559614847555,4.584870675993432,5.104018212895456,5.166666666666666,2.0000000000000004,Main retained fusion table. AOI-expanded rows must not be reported as scene-trial counts.
multimodal_retained,05_multimodal_fusion/analysis_master_long.csv,aoi_expanded_retained_row,q_Bmean,ExperienceGroup,ExperienceGroup=Low,25,45,135,4.237037037037037,1.488968092742449,0.12814996947168278,3.985863096872539,4.488210977201535,4.333333333333333,2.0,Main retained fusion table. AOI-expanded rows must not be reported as scene-trial counts.
multimodal_retained,05_multimodal_fusion/analysis_master_long.csv,aoi_expanded_retained_row,q_Bmean,WWR:Complexity,WWR=15;Complexity=0,0,0,0,,,,,,,,Main retained fusion table. AOI-expanded rows must not be reported as scene-trial counts.
multimodal_retained,05_multimodal_fusion/analysis_master_long.csv,aoi_expanded_retained_row,q_Bmean,WWR:Complexity,WWR=15;Complexity=1,0,0,0,,,,,,,,Main retained fusion table. AOI-expanded rows must not be reported as scene-trial counts.
multimodal_retained,05_multimodal_fusion/analysis_master_long.csv,aoi_expanded_retained_row,q_Bmean,WWR:Complexity,WWR=45;Complexity=0,0,0,0,,,,,,,,Main retained fusion table. AOI-expanded rows must not be reported as scene-trial counts.
multimodal_retained,05_multimodal_fusion/analysis_master_long.csv,aoi_expanded_retained_row,q_Bmean,WWR:Complexity,WWR=45;Complexity=1,0,0,0,,,,,,,,Main retained fusion table. AOI-expanded rows must not be reported as scene-trial counts.
multimodal_retained,05_multimodal_fusion/analysis_master_long.csv,aoi_expanded_retained_row,q_Bmean,WWR:Complexity,WWR=75;Complexity=0,0,0,0,,,,,,,,Main retained fusion table. AOI-expanded rows must not be reported as scene-trial counts.
multimodal_retained,05_multimodal_fusion/analysis_master_long.csv,aoi_expanded_retained_row,q_Bmean,WWR:Complexity,WWR=75;Complexity=1,41,75,225,4.48,1.429118942698946,0.09527459617992973,4.293261791487338,4.666738208512663,4.666666666666667,2.333333333333334,Main retained fusion table. AOI-expanded rows must not be reported as scene-trial counts.
multimodal_retained,05_multimodal_fusion/analysis_master_long.csv,aoi_expanded_retained_row,q_Bmean,WWR:ExperienceGroup,WWR=15;ExperienceGroup=High,0,0,0,,,,,,,,Main retained fusion table. AOI-expanded rows must not be reported as scene-trial counts.
multimodal_retained,05_multimodal_fusion/analysis_master_long.csv,aoi_expanded_retained_row,q_Bmean,WWR:ExperienceGroup,WWR=15;ExperienceGroup=Low,0,0,0,,,,,,,,Main retained fusion table. AOI-expanded rows must not be reported as scene-trial counts.
multimodal_retained,05_multimodal_fusion/analysis_master_long.csv,aoi_expanded_retained_row,q_Bmean,WWR:ExperienceGroup,WWR=45;ExperienceGroup=High,0,0,0,,,,,,,,Main retained fusion table. AOI-expanded rows must not be reported as scene-trial counts.
multimodal_retained,05_multimodal_fusion/analysis_master_long.csv,aoi_expanded_retained_row,q_Bmean,WWR:ExperienceGroup,WWR=45;ExperienceGroup=Low,0,0,0,,,,,,,,Main retained fusion table. AOI-expanded rows must not be reported as scene-trial counts.
multimodal_retained,05_multimodal_fusion/analysis_master_long.csv,aoi_expanded_retained_row,q_Bmean,WWR:ExperienceGroup,WWR=75;ExperienceGroup=High,16,30,90,4.844444444444444,1.256394381334217,0.13243559614847555,4.584870675993432,5.104018212895456,5.166666666666666,2.0000000000000004,Main retained fusion table. AOI-expanded rows must not be reported as scene-trial counts.
multimodal_retained,05_multimodal_fusion/analysis_master_long.csv,aoi_expanded_retained_row,q_Bmean,WWR:ExperienceGroup,WWR=75;ExperienceGroup=Low,25,45,135,4.237037037037037,1.488968092742449,0.12814996947168278,3.985863096872539,4.488210977201535,4.333333333333333,2.0,Main retained fusion table. AOI-expanded rows must not be reported as scene-trial counts.
multimodal_retained,05_multimodal_fusion/analysis_master_long.csv,aoi_expanded_retained_row,q_IPQ_mean,overall,all,42,453,1130,5.706784660766962,0.6168365583134555,0.01834978092203599,5.670819090159771,5.742750231374153,5.666666666666667,0.8333333333333339,Main retained fusion table. AOI-expanded rows must not be reported as scene-trial counts.
multimodal_retained,05_multimodal_fusion/analysis_master_long.csv,aoi_expanded_retained_row,q_IPQ_mean,WWR,WWR=15,42,150,375,5.722666666666667,0.6251359923349926,0.032281883832376984,5.659394174355208,5.785939158978126,5.833333333333333,0.8333333333333339,Main retained fusion table. AOI-expanded rows must not be reported as scene-trial counts.
multimodal_retained,05_multimodal_fusion/analysis_master_long.csv,aoi_expanded_retained_row,q_IPQ_mean,WWR,WWR=45,42,149,372,5.69489247311828,0.6165052024575134,0.03196430572492212,5.632242433897432,5.7575425123391275,5.666666666666667,0.8333333333333339,Main retained fusion table. AOI-expanded rows must not be reported as scene-trial counts.
multimodal_retained,05_multimodal_fusion/analysis_master_long.csv,aoi_expanded_retained_row,q_IPQ_mean,WWR,WWR=75,42,154,383,5.702785030461271,0.6102320446002502,0.031181400873952818,5.6416694847483235,5.763900576174219,5.833333333333333,0.8333333333333339,Main retained fusion table. AOI-expanded rows must not be reported as scene-trial counts.
multimodal_retained,05_multimodal_fusion/analysis_master_long.csv,aoi_expanded_retained_row,q_IPQ_mean,Complexity,Complexity=0,42,229,458,5.700145560407568,0.6159363295328141,0.02878081458703614,5.643735163816977,5.7565559569981595,5.666666666666667,0.8333333333333339,Main retained fusion table. AOI-expanded rows must not be reported as scene-trial counts.
multimodal_retained,05_multimodal_fusion/analysis_master_long.csv,aoi_expanded_retained_row,q_IPQ_mean,Complexity,Complexity=1,42,224,672,5.711309523809524,0.6178670033339005,0.023834737111364964,5.664593439071249,5.758025608547799,5.75,0.8333333333333339,Main retained fusion table. AOI-expanded rows must not be reported as scene-trial counts.
multimodal_retained,05_multimodal_fusion/analysis_master_long.csv,aoi_expanded_retained_row,q_IPQ_mean,ExperienceGroup,ExperienceGroup=High,16,177,442,5.990950226244344,0.36341033535520456,0.01728566690028888,5.957070319119778,6.02483013336891,6.0,0.5,Main retained fusion table. AOI-expanded rows must not be reported as scene-trial counts.
multimodal_retained,05_multimodal_fusion/analysis_master_long.csv,aoi_expanded_retained_row,q_IPQ_mean,ExperienceGroup,ExperienceGroup=Low,26,276,688,5.52422480620155,0.6746688921490327,0.025721510375152436,5.473810645866251,5.574638966536849,5.5,0.833333333333333,Main retained fusion table. AOI-expanded rows must not be reported as scene-trial counts.
multimodal_retained,05_multimodal_fusion/analysis_master_long.csv,aoi_expanded_retained_row,q_IPQ_mean,WWR:Complexity,WWR=15;Complexity=0,41,75,150,5.72,0.6251979552281633,0.05104719928468009,5.619947489402027,5.820052510597972,5.833333333333333,0.8333333333333339,Main retained fusion table. AOI-expanded rows must not be reported as scene-trial counts.
multimodal_retained,05_multimodal_fusion/analysis_master_long.csv,aoi_expanded_retained_row,q_IPQ_mean,WWR:Complexity,WWR=15;Complexity=1,42,75,225,5.724444444444444,0.6264823690497273,0.04176549126998182,5.642584081555279,5.806304807333609,5.833333333333333,0.8333333333333339,Main retained fusion table. AOI-expanded rows must not be reported as scene-trial counts.
multimodal_retained,05_multimodal_fusion/analysis_master_long.csv,aoi_expanded_retained_row,q_IPQ_mean,WWR:Complexity,WWR=45;Complexity=0,42,75,150,5.6866666666666665,0.6220890450851182,0.050793357834459305,5.587111685311126,5.786221648022207,5.666666666666667,0.791666666666667,Main retained fusion table. AOI-expanded rows must not be reported as scene-trial counts.
multimodal_retained,05_multimodal_fusion/analysis_master_long.csv,aoi_expanded_retained_row,q_IPQ_mean,WWR:Complexity,WWR=45;Complexity=1,41,74,222,5.70045045045045,0.6140509911283251,0.04121240409059485,5.6196741384328845,5.781226762468016,5.666666666666667,0.8333333333333339,Main retained fusion table. AOI-expanded rows must not be reported as scene-trial counts.
multimodal_retained,05_multimodal_fusion/analysis_master_long.csv,aoi_expanded_retained_row,q_IPQ_mean,WWR:Complexity,WWR=75;Complexity=0,42,79,158,5.69409282700422,0.6045535980369219,0.048095701859291955,5.5998252513600075,5.788360402648433,5.666666666666667,0.666666666666667,Main retained fusion table. AOI-expanded rows must not be reported as scene-trial counts.
multimodal_retained,05_multimodal_fusion/analysis_master_long.csv,aoi_expanded_retained_row,q_IPQ_mean,WWR:Complexity,WWR=75;Complexity=1,41,75,225,5.708888888888889,0.6154589202698117,0.041030594684654115,5.628468923306967,5.789308854470811,5.833333333333333,0.8333333333333339,Main retained fusion table. AOI-expanded rows must not be reported as scene-trial counts.
multimodal_retained,05_multimodal_fusion/analysis_master_long.csv,aoi_expanded_retained_row,q_IPQ_mean,WWR:ExperienceGroup,WWR=15;ExperienceGroup=High,16,59,148,6.006756756756757,0.3557530515724227,0.02924272070464842,5.949441024175646,6.064072489337868,6.0,0.5,Main retained fusion table. AOI-expanded rows must not be reported as scene-trial counts.
multimodal_retained,05_multimodal_fusion/analysis_master_long.csv,aoi_expanded_retained_row,q_IPQ_mean,WWR:ExperienceGroup,WWR=15;ExperienceGroup=Low,26,91,227,5.537444933920705,0.6907114677198134,0.04584413027150717,5.447590438588551,5.627299429252859,5.666666666666667,0.833333333333333,Main retained fusion table. AOI-expanded rows must not be reported as scene-trial counts.
multimodal_retained,05_multimodal_fusion/analysis_master_long.csv,aoi_expanded_retained_row,q_IPQ_mean,WWR:ExperienceGroup,WWR=45;ExperienceGroup=High,16,58,144,5.998842592592593,0.36689785452589163,0.03057482121049097,5.938915943020031,6.0587692421651544,6.0,0.6666666666666661,Main retained fusion table. AOI-expanded rows must not be reported as scene-trial counts.
multimodal_retained,05_multimodal_fusion/analysis_master_long.csv,aoi_expanded_retained_row,q_IPQ_mean,WWR:ExperienceGroup,WWR=45;ExperienceGroup=Low,26,91,228,5.502923976608186,0.6639011863136111,0.0439679301583123,5.4167468334978945,5.589101119718478,5.5,0.833333333333333,Main retained fusion table. AOI-expanded rows must not be reported as scene-trial counts.
multimodal_retained,05_multimodal_fusion/analysis_master_long.csv,aoi_expanded_retained_row,q_IPQ_mean,WWR:ExperienceGroup,WWR=75;ExperienceGroup=High,16,60,150,5.967777777777777,0.36875380490291265,0.03010862209073179,5.908764878479943,6.026790677075612,5.833333333333333,0.6666666666666661,Main retained fusion table. AOI-expanded rows must not be reported as scene-trial counts.
multimodal_retained,05_multimodal_fusion/analysis_master_long.csv,aoi_expanded_retained_row,q_IPQ_mean,WWR:ExperienceGroup,WWR=75;ExperienceGroup=Low,26,94,233,5.532188841201717,0.6717041193527136,0.04400479997011078,5.4459394332603,5.618438249143134,5.5,0.833333333333333,Main retained fusion table. AOI-expanded rows must not be reported as scene-trial counts.
multimodal_retained,05_multimodal_fusion/analysis_master_long.csv,aoi_expanded_retained_row,visited,overall,all,42,453,1130,0.8743362831858407,0.3316167447197981,0.00986500319035045,0.8550008769327538,0.8936716894389275,1.0,0.0,Main retained fusion table. AOI-expanded rows must not be reported as scene-trial counts.
multimodal_retained,05_multimodal_fusion/analysis_master_long.csv,aoi_expanded_retained_row,visited,WWR,WWR=15,42,150,375,0.7626666666666667,0.42601666173804914,0.02199940581491124,0.7195478312694407,0.8057855020638928,1.0,0.0,Main retained fusion table. AOI-expanded rows must not be reported as scene-trial counts.
multimodal_retained,05_multimodal_fusion/analysis_master_long.csv,aoi_expanded_retained_row,visited,WWR,WWR=45,42,149,372,0.9112903225806451,0.28470716333608853,0.01476137877616245,0.8823580201793667,0.9402226249819235,1.0,0.0,Main retained fusion table. AOI-expanded rows must not be reported as scene-trial counts.
multimodal_retained,05_multimodal_fusion/analysis_master_long.csv,aoi_expanded_retained_row,visited,WWR,WWR=75,42,154,383,0.9477806788511749,0.2227600167685892,0.011382505135566892,0.9254709687854638,0.970090388916886,1.0,0.0,Main retained fusion table. AOI-expanded rows must not be reported as scene-trial counts.
multimodal_retained,05_multimodal_fusion/analysis_master_long.csv,aoi_expanded_retained_row,visited,Complexity,Complexity=0,42,229,458,0.8646288209606987,0.3424937089922431,0.016003680028435333,0.8332616081049654,0.895996033816432,1.0,0.0,Main retained fusion table. AOI-expanded rows must not be reported as scene-trial counts.
multimodal_retained,05_multimodal_fusion/analysis_master_long.csv,aoi_expanded_retained_row,visited,Complexity,Complexity=1,42,224,672,0.8809523809523809,0.32408576093592345,0.012501879646856662,0.8564486968445418,0.90545606506022,1.0,0.0,Main retained fusion table. AOI-expanded rows must not be reported as scene-trial counts.
multimodal_retained,05_multimodal_fusion/analysis_master_long.csv,aoi_expanded_retained_row,visited,ExperienceGroup,ExperienceGroup=High,16,177,442,0.8687782805429864,0.3380252787159638,0.016078222888323748,0.8372649636818719,0.900291597404101,1.0,0.0,Main retained fusion table. AOI-expanded rows must not be reported as scene-trial counts.
multimodal_retained,05_multimodal_fusion/analysis_master_long.csv,aoi_expanded_retained_row,visited,ExperienceGroup,ExperienceGroup=Low,26,276,688,0.877906976744186,0.3276314053442497,0.012490830227765044,0.8534249494977666,0.9023890039906055,1.0,0.0,Main retained fusion table. AOI-expanded rows must not be reported as scene-trial counts.
multimodal_retained,05_multimodal_fusion/analysis_master_long.csv,aoi_expanded_retained_row,visited,WWR:Complexity,WWR=15;Complexity=0,41,75,150,0.74,0.4401037095592188,0.035934317410871115,0.6695687378746926,0.8104312621253074,1.0,1.0,Main retained fusion table. AOI-expanded rows must not be reported as scene-trial counts.
multimodal_retained,05_multimodal_fusion/analysis_master_long.csv,aoi_expanded_retained_row,visited,WWR:Complexity,WWR=15;Complexity=1,42,75,225,0.7777777777777778,0.41666666666666674,0.027777777777777783,0.7233333333333334,0.8322222222222222,1.0,0.0,Main retained fusion table. AOI-expanded rows must not be reported as scene-trial counts.
multimodal_retained,05_multimodal_fusion/analysis_master_long.csv,aoi_expanded_retained_row,visited,WWR:Complexity,WWR=45;Complexity=0,42,75,150,0.9266666666666666,0.26155617582007057,0.021355972327761878,0.8848089609042533,0.96852437242908,1.0,0.0,Main retained fusion table. AOI-expanded rows must not be reported as scene-trial counts.
multimodal_retained,05_multimodal_fusion/analysis_master_long.csv,aoi_expanded_retained_row,visited,WWR:Complexity,WWR=45;Complexity=1,41,74,222,0.9009009009009009,0.29947027001627236,0.020099128507800008,0.8615066090256129,0.9402951927761889,1.0,0.0,Main retained fusion table. AOI-expanded rows must not be reported as scene-trial counts.
multimodal_retained,05_multimodal_fusion/analysis_master_long.csv,aoi_expanded_retained_row,visited,WWR:Complexity,WWR=75;Complexity=0,42,79,158,0.9240506329113924,0.2657594285309556,0.021142684920618104,0.882610970466981,0.9654902953558039,1.0,0.0,Main retained fusion table. AOI-expanded rows must not be reported as scene-trial counts.
multimodal_retained,05_multimodal_fusion/analysis_master_long.csv,aoi_expanded_retained_row,visited,WWR:Complexity,WWR=75;Complexity=1,41,75,225,0.9644444444444444,0.1855921454276674,0.012372809695177825,0.9401937374418959,0.9886951514469929,1.0,0.0,Main retained fusion table. AOI-expanded rows must not be reported as scene-trial counts.
multimodal_retained,05_multimodal_fusion/analysis_master_long.csv,aoi_expanded_retained_row,visited,WWR:ExperienceGroup,WWR=15;ExperienceGroup=High,16,59,148,0.75,0.4344830378784442,0.03571428571428571,0.68,0.82,1.0,0.25,Main retained fusion table. AOI-expanded rows must not be reported as scene-trial counts.
multimodal_retained,05_multimodal_fusion/analysis_master_long.csv,aoi_expanded_retained_row,visited,WWR:ExperienceGroup,WWR=15;ExperienceGroup=Low,26,91,227,0.7709251101321586,0.42116623652836904,0.027953784924270617,0.7161356916805882,0.825714528583729,1.0,0.0,Main retained fusion table. AOI-expanded rows must not be reported as scene-trial counts.
multimodal_retained,05_multimodal_fusion/analysis_master_long.csv,aoi_expanded_retained_row,visited,WWR:ExperienceGroup,WWR=45;ExperienceGroup=High,16,58,144,0.9097222222222222,0.2875795893348834,0.023964965777906952,0.8627508892975246,0.9566935551469198,1.0,0.0,Main retained fusion table. AOI-expanded rows must not be reported as scene-trial counts.
multimodal_retained,05_multimodal_fusion/analysis_master_long.csv,aoi_expanded_retained_row,visited,WWR:ExperienceGroup,WWR=45;ExperienceGroup=Low,26,91,228,0.9122807017543859,0.28350864949696597,0.018775818988327184,0.8754800965372647,0.9490813069715072,1.0,0.0,Main retained fusion table. AOI-expanded rows must not be reported as scene-trial counts.
multimodal_retained,05_multimodal_fusion/analysis_master_long.csv,aoi_expanded_retained_row,visited,WWR:ExperienceGroup,WWR=75;ExperienceGroup=High,16,60,150,0.9466666666666667,0.22545008425851168,0.018407922296694253,0.9105871389651459,0.9827461943681874,1.0,0.0,Main retained fusion table. AOI-expanded rows must not be reported as scene-trial counts.
multimodal_retained,05_multimodal_fusion/analysis_master_long.csv,aoi_expanded_retained_row,visited,WWR:ExperienceGroup,WWR=75;ExperienceGroup=Low,26,94,233,0.9484978540772532,0.22149544878299884,0.014510649312942025,0.9200569814238868,0.9769387267306195,1.0,0.0,Main retained fusion table. AOI-expanded rows must not be reported as scene-trial counts.
multimodal_retained,05_multimodal_fusion/analysis_master_long.csv,aoi_expanded_retained_row,FCR,overall,all,42,453,1130,0.29737138646691647,0.31191794397597533,0.009278999210520998,0.2791845480142953,0.3155582249195376,0.18501776920151025,0.42880995275779965,Main retained fusion table. AOI-expanded rows must not be reported as scene-trial counts.
multimodal_retained,05_multimodal_fusion/analysis_master_long.csv,aoi_expanded_retained_row,FCR,WWR,WWR=15,42,150,375,0.26636708298517403,0.32175242784691477,0.016615223928705392,0.23380124408491146,0.2989329218854366,0.100035012254289,0.4479657487682615,Main retained fusion table. AOI-expanded rows must not be reported as scene-trial counts.
multimodal_retained,05_multimodal_fusion/analysis_master_long.csv,aoi_expanded_retained_row,FCR,WWR,WWR=45,42,149,372,0.28907410203462724,0.30578437026131355,0.015854181048227247,0.25799990718010185,0.32014829688915264,0.16824822774834655,0.38325888823999354,Main retained fusion table. AOI-expanded rows must not be reported as scene-trial counts.
multimodal_retained,05_multimodal_fusion/analysis_master_long.csv,aoi_expanded_retained_row,FCR,WWR,WWR=75,42,154,383,0.33578706170050654,0.30477890304661465,0.015573474447815315,0.3052630517827885,0.36631107161822457,0.2515164965231543,0.41884371645904794,Main retained fusion table. AOI-expanded rows must not be reported as scene-trial counts.
multimodal_retained,05_multimodal_fusion/analysis_master_long.csv,aoi_expanded_retained_row,FCR,Complexity,Complexity=0,42,229,458,0.3402003122202598,0.36226855738080843,0.01692769801157612,0.3070220241175706,0.373378600322949,0.20008011644675136,0.5125263327223707,Main retained fusion table. AOI-expanded rows must not be reported as scene-trial counts.
multimodal_retained,05_multimodal_fusion/analysis_master_long.csv,aoi_expanded_retained_row,FCR,Complexity,Complexity=1,42,224,672,0.268181434093358,0.2687246483936309,0.010366278366130632,0.24786352849574195,0.288499339690974,0.18033259438454918,0.3640728753065025,Main retained fusion table. AOI-expanded rows must not be reported as scene-trial counts.
multimodal_retained,05_multimodal_fusion/analysis_master_long.csv,aoi_expanded_retained_row,FCR,ExperienceGroup,ExperienceGroup=High,16,177,442,0.3062401782640567,0.3295099520458033,0.0156731901029362,0.27552072566230174,0.33695963086581165,0.18012720534930116,0.45292218185385147,Main retained fusion table. AOI-expanded rows must not be reported as scene-trial counts.
multimodal_retained,05_multimodal_fusion/analysis_master_long.csv,aoi_expanded_retained_row,FCR,ExperienceGroup,ExperienceGroup=Low,26,276,688,0.2916737033646839,0.3001797187187668,0.011444244486863837,0.2692429841704308,0.314104422558937,0.18869067988450766,0.40686358771703984,Main retained fusion table. AOI-expanded rows must not be reported as scene-trial counts.
multimodal_retained,05_multimodal_fusion/analysis_master_long.csv,aoi_expanded_retained_row,FCR,WWR:Complexity,WWR=15;Complexity=0,41,75,150,0.30327175363841224,0.3871066795117849,0.03160712802756574,0.2413217827043834,0.36522172457244106,0.08066552720865505,0.5370979489049125,Main retained fusion table. AOI-expanded rows must not be reported as scene-trial counts.
multimodal_retained,05_multimodal_fusion/analysis_master_long.csv,aoi_expanded_retained_row,FCR,WWR:Complexity,WWR=15;Complexity=1,42,75,225,0.2417639692163485,0.2676771391845562,0.017845142612303747,0.20678748969623315,0.27674044873646386,0.1166763896991416,0.38892718054962117,Main retained fusion table. AOI-expanded rows must not be reported as scene-trial counts.
multimodal_retained,05_multimodal_fusion/analysis_master_long.csv,aoi_expanded_retained_row,FCR,WWR:Complexity,WWR=45;Complexity=0,42,75,150,0.3387993780288157,0.34987948018278797,0.028567539930601647,0.2828069997648365,0.39479175629279495,0.2098227552378483,0.42281916813291903,Main retained fusion table. AOI-expanded rows must not be reported as scene-trial counts.
multimodal_retained,05_multimodal_fusion/analysis_master_long.csv,aoi_expanded_retained_row,FCR,WWR:Complexity,WWR=45;Complexity=1,41,74,222,0.25547594257909445,0.26762395120110155,0.017961743536892186,0.22027092524678576,0.29068095991140314,0.1521209037938793,0.3452788242139982,Main retained fusion table. AOI-expanded rows must not be reported as scene-trial counts.
multimodal_retained,05_multimodal_fusion/analysis_master_long.csv,aoi_expanded_retained_row,FCR,WWR:Complexity,WWR=75;Complexity=0,42,79,158,0.3765890711822456,0.34782411801060426,0.027671401069533495,0.32235312508596,0.43082501727853123,0.27991741594457964,0.533366904593858,Main retained fusion table. AOI-expanded rows must not be reported as scene-trial counts.
multimodal_retained,05_multimodal_fusion/analysis_master_long.csv,aoi_expanded_retained_row,FCR,WWR:Complexity,WWR=75;Complexity=1,41,75,225,0.30713498393110755,0.2676133263116988,0.01784088842077992,0.2721668426263789,0.3421031252358362,0.237268028133209,0.3103215226093195,Main retained fusion table. AOI-expanded rows must not be reported as scene-trial counts.
multimodal_retained,05_multimodal_fusion/analysis_master_long.csv,aoi_expanded_retained_row,FCR,WWR:ExperienceGroup,WWR=15;ExperienceGroup=High,16,59,148,0.26475750801928866,0.3352652326454971,0.02755863236280737,0.2107425885881862,0.3187724274503911,0.0839007563052364,0.451972974560532,Main retained fusion table. AOI-expanded rows must not be reported as scene-trial counts.
multimodal_retained,05_multimodal_fusion/analysis_master_long.csv,aoi_expanded_retained_row,FCR,WWR:ExperienceGroup,WWR=15;ExperienceGroup=Low,26,91,227,0.2674164975003768,0.3133770394667713,0.020799564641428056,0.22664935080317783,0.3081836441975758,0.1166763896991416,0.4467480743108772,Main retained fusion table. AOI-expanded rows must not be reported as scene-trial counts.
multimodal_retained,05_multimodal_fusion/analysis_master_long.csv,aoi_expanded_retained_row,FCR,WWR:ExperienceGroup,WWR=45;ExperienceGroup=High,16,58,144,0.30329035380856983,0.327016557886843,0.02725137982390358,0.2498776493537188,0.35670305826342086,0.17430545953205676,0.42652825850417664,Main retained fusion table. AOI-expanded rows must not be reported as scene-trial counts.
multimodal_retained,05_multimodal_fusion/analysis_master_long.csv,aoi_expanded_retained_row,FCR,WWR:ExperienceGroup,WWR=45;ExperienceGroup=Low,26,91,228,0.2800954167037161,0.2919638444764052,0.019335777955105243,0.24219729191170986,0.3179935414957224,0.16824822774834655,0.36930949766074406,Main retained fusion table. AOI-expanded rows must not be reported as scene-trial counts.
multimodal_retained,05_multimodal_fusion/analysis_master_long.csv,aoi_expanded_retained_row,FCR,WWR:ExperienceGroup,WWR=75;ExperienceGroup=High,16,60,150,0.35000157771616186,0.32277713432502575,0.02635464265780329,0.29834647810686743,0.4016566773254563,0.25839864684270075,0.4158298089915145,Main retained fusion table. AOI-expanded rows must not be reported as scene-trial counts.
multimodal_retained,05_multimodal_fusion/analysis_master_long.csv,aoi_expanded_retained_row,FCR,WWR:ExperienceGroup,WWR=75;ExperienceGroup=Low,26,94,233,0.3266360857247627,0.2929535431535342,0.01919202472575161,0.2890197172622896,0.36425245418723584,0.2467145841214493,0.42204660942673966,Main retained fusion table. AOI-expanded rows must not be reported as scene-trial counts.
multimodal_retained,05_multimodal_fusion/analysis_master_long.csv,aoi_expanded_retained_row,FC_rate,overall,all,42,453,1130,0.29737138646691647,0.31191794397597533,0.009278999210520998,0.2791845480142953,0.3155582249195376,0.18501776920151025,0.42880995275779965,Main retained fusion table. AOI-expanded rows must not be reported as scene-trial counts.
multimodal_retained,05_multimodal_fusion/analysis_master_long.csv,aoi_expanded_retained_row,FC_rate,WWR,WWR=15,42,150,375,0.26636708298517403,0.32175242784691477,0.016615223928705392,0.23380124408491146,0.2989329218854366,0.100035012254289,0.4479657487682615,Main retained fusion table. AOI-expanded rows must not be reported as scene-trial counts.
multimodal_retained,05_multimodal_fusion/analysis_master_long.csv,aoi_expanded_retained_row,FC_rate,WWR,WWR=45,42,149,372,0.28907410203462724,0.30578437026131355,0.015854181048227247,0.25799990718010185,0.32014829688915264,0.16824822774834655,0.38325888823999354,Main retained fusion table. AOI-expanded rows must not be reported as scene-trial counts.
multimodal_retained,05_multimodal_fusion/analysis_master_long.csv,aoi_expanded_retained_row,FC_rate,WWR,WWR=75,42,154,383,0.33578706170050654,0.30477890304661465,0.015573474447815315,0.3052630517827885,0.36631107161822457,0.2515164965231543,0.41884371645904794,Main retained fusion table. AOI-expanded rows must not be reported as scene-trial counts.
multimodal_retained,05_multimodal_fusion/analysis_master_long.csv,aoi_expanded_retained_row,FC_rate,Complexity,Complexity=0,42,229,458,0.3402003122202598,0.36226855738080843,0.01692769801157612,0.3070220241175706,0.373378600322949,0.20008011644675136,0.5125263327223707,Main retained fusion table. AOI-expanded rows must not be reported as scene-trial counts.
multimodal_retained,05_multimodal_fusion/analysis_master_long.csv,aoi_expanded_retained_row,FC_rate,Complexity,Complexity=1,42,224,672,0.268181434093358,0.2687246483936309,0.010366278366130632,0.24786352849574195,0.288499339690974,0.18033259438454918,0.3640728753065025,Main retained fusion table. AOI-expanded rows must not be reported as scene-trial counts.
multimodal_retained,05_multimodal_fusion/analysis_master_long.csv,aoi_expanded_retained_row,FC_rate,ExperienceGroup,ExperienceGroup=High,16,177,442,0.3062401782640567,0.3295099520458033,0.0156731901029362,0.27552072566230174,0.33695963086581165,0.18012720534930116,0.45292218185385147,Main retained fusion table. AOI-expanded rows must not be reported as scene-trial counts.
multimodal_retained,05_multimodal_fusion/analysis_master_long.csv,aoi_expanded_retained_row,FC_rate,ExperienceGroup,ExperienceGroup=Low,26,276,688,0.2916737033646839,0.3001797187187668,0.011444244486863837,0.2692429841704308,0.314104422558937,0.18869067988450766,0.40686358771703984,Main retained fusion table. AOI-expanded rows must not be reported as scene-trial counts.
multimodal_retained,05_multimodal_fusion/analysis_master_long.csv,aoi_expanded_retained_row,FC_rate,WWR:Complexity,WWR=15;Complexity=0,41,75,150,0.30327175363841224,0.3871066795117849,0.03160712802756574,0.2413217827043834,0.36522172457244106,0.08066552720865505,0.5370979489049125,Main retained fusion table. AOI-expanded rows must not be reported as scene-trial counts.
multimodal_retained,05_multimodal_fusion/analysis_master_long.csv,aoi_expanded_retained_row,FC_rate,WWR:Complexity,WWR=15;Complexity=1,42,75,225,0.2417639692163485,0.2676771391845562,0.017845142612303747,0.20678748969623315,0.27674044873646386,0.1166763896991416,0.38892718054962117,Main retained fusion table. AOI-expanded rows must not be reported as scene-trial counts.
multimodal_retained,05_multimodal_fusion/analysis_master_long.csv,aoi_expanded_retained_row,FC_rate,WWR:Complexity,WWR=45;Complexity=0,42,75,150,0.3387993780288157,0.34987948018278797,0.028567539930601647,0.2828069997648365,0.39479175629279495,0.2098227552378483,0.42281916813291903,Main retained fusion table. AOI-expanded rows must not be reported as scene-trial counts.
multimodal_retained,05_multimodal_fusion/analysis_master_long.csv,aoi_expanded_retained_row,FC_rate,WWR:Complexity,WWR=45;Complexity=1,41,74,222,0.25547594257909445,0.26762395120110155,0.017961743536892186,0.22027092524678576,0.29068095991140314,0.1521209037938793,0.3452788242139982,Main retained fusion table. AOI-expanded rows must not be reported as scene-trial counts.
multimodal_retained,05_multimodal_fusion/analysis_master_long.csv,aoi_expanded_retained_row,FC_rate,WWR:Complexity,WWR=75;Complexity=0,42,79,158,0.3765890711822456,0.34782411801060426,0.027671401069533495,0.32235312508596,0.43082501727853123,0.27991741594457964,0.533366904593858,Main retained fusion table. AOI-expanded rows must not be reported as scene-trial counts.
multimodal_retained,05_multimodal_fusion/analysis_master_long.csv,aoi_expanded_retained_row,FC_rate,WWR:Complexity,WWR=75;Complexity=1,41,75,225,0.30713498393110755,0.2676133263116988,0.01784088842077992,0.2721668426263789,0.3421031252358362,0.237268028133209,0.3103215226093195,Main retained fusion table. AOI-expanded rows must not be reported as scene-trial counts.
multimodal_retained,05_multimodal_fusion/analysis_master_long.csv,aoi_expanded_retained_row,FC_rate,WWR:ExperienceGroup,WWR=15;ExperienceGroup=High,16,59,148,0.26475750801928866,0.3352652326454971,0.02755863236280737,0.2107425885881862,0.3187724274503911,0.0839007563052364,0.451972974560532,Main retained fusion table. AOI-expanded rows must not be reported as scene-trial counts.
multimodal_retained,05_multimodal_fusion/analysis_master_long.csv,aoi_expanded_retained_row,FC_rate,WWR:ExperienceGroup,WWR=15;ExperienceGroup=Low,26,91,227,0.2674164975003768,0.3133770394667713,0.020799564641428056,0.22664935080317783,0.3081836441975758,0.1166763896991416,0.4467480743108772,Main retained fusion table. AOI-expanded rows must not be reported as scene-trial counts.
multimodal_retained,05_multimodal_fusion/analysis_master_long.csv,aoi_expanded_retained_row,FC_rate,WWR:ExperienceGroup,WWR=45;ExperienceGroup=High,16,58,144,0.30329035380856983,0.327016557886843,0.02725137982390358,0.2498776493537188,0.35670305826342086,0.17430545953205676,0.42652825850417664,Main retained fusion table. AOI-expanded rows must not be reported as scene-trial counts.
multimodal_retained,05_multimodal_fusion/analysis_master_long.csv,aoi_expanded_retained_row,FC_rate,WWR:ExperienceGroup,WWR=45;ExperienceGroup=Low,26,91,228,0.2800954167037161,0.2919638444764052,0.019335777955105243,0.24219729191170986,0.3179935414957224,0.16824822774834655,0.36930949766074406,Main retained fusion table. AOI-expanded rows must not be reported as scene-trial counts.
multimodal_retained,05_multimodal_fusion/analysis_master_long.csv,aoi_expanded_retained_row,FC_rate,WWR:ExperienceGroup,WWR=75;ExperienceGroup=High,16,60,150,0.35000157771616186,0.32277713432502575,0.02635464265780329,0.29834647810686743,0.4016566773254563,0.25839864684270075,0.4158298089915145,Main retained fusion table. AOI-expanded rows must not be reported as scene-trial counts.
multimodal_retained,05_multimodal_fusion/analysis_master_long.csv,aoi_expanded_retained_row,FC_rate,WWR:ExperienceGroup,WWR=75;ExperienceGroup=Low,26,94,233,0.3266360857247627,0.2929535431535342,0.01919202472575161,0.2890197172622896,0.36425245418723584,0.2467145841214493,0.42204660942673966,Main retained fusion table. AOI-expanded rows must not be reported as scene-trial counts.
multimodal_retained,05_multimodal_fusion/analysis_master_long.csv,aoi_expanded_retained_row,TFD_ms,overall,all,42,448,988,8174.330971659919,8435.50778936334,268.369253716769,7648.327234375051,8700.334708944785,5372.5,10809.75,Main retained fusion table. AOI-expanded rows must not be reported as scene-trial counts.
multimodal_retained,05_multimodal_fusion/analysis_master_long.csv,aoi_expanded_retained_row,TFD_ms,WWR,WWR=15,42,146,286,9057.97902097902,9368.059870640729,553.9449927877745,7972.246835114983,10143.711206843058,6037.0,13946.0,Main retained fusion table. AOI-expanded rows must not be reported as scene-trial counts.
multimodal_retained,05_multimodal_fusion/analysis_master_long.csv,aoi_expanded_retained_row,TFD_ms,WWR,WWR=45,42,148,339,7445.103244837758,8186.578712137264,444.6339219102952,6573.620757893579,8316.585731781937,4358.0,9075.0,Main retained fusion table. AOI-expanded rows must not be reported as scene-trial counts.
multimodal_retained,05_multimodal_fusion/analysis_master_long.csv,aoi_expanded_retained_row,TFD_ms,WWR,WWR=75,42,154,363,8159.137741046832,7824.830762844832,410.69710429924805,7354.1714166203055,8964.104065473359,5549.0,9879.0,Main retained fusion table. AOI-expanded rows must not be reported as scene-trial counts.
multimodal_retained,05_multimodal_fusion/analysis_master_long.csv,aoi_expanded_retained_row,TFD_ms,Complexity,Complexity=0,42,226,396,9672.598484848484,10130.27230807967,509.06533742466434,8674.830423496142,10670.366546200827,5485.5,14025.25,Main retained fusion table. AOI-expanded rows must not be reported as scene-trial counts.
multimodal_retained,05_multimodal_fusion/analysis_master_long.csv,aoi_expanded_retained_row,TFD_ms,Complexity,Complexity=1,42,222,592,7172.111486486487,6909.287976548646,283.9699865864197,6615.530312777104,7728.692660195869,5242.0,8991.75,Main retained fusion table. AOI-expanded rows must not be reported as scene-trial counts.
multimodal_retained,05_multimodal_fusion/analysis_master_long.csv,aoi_expanded_retained_row,TFD_ms,ExperienceGroup,ExperienceGroup=High,16,177,384,8168.174479166667,9186.551784827978,468.7992576767215,7249.327934120292,9087.021024213042,4092.0,10777.25,Main retained fusion table. AOI-expanded rows must not be reported as scene-trial counts.
multimodal_retained,05_multimodal_fusion/analysis_master_long.csv,aoi_expanded_retained_row,TFD_ms,ExperienceGroup,ExperienceGroup=Low,26,271,604,8178.245033112583,7929.028009389931,322.6275741657393,7545.8949877477335,8810.595078477432,5816.5,10570.0,Main retained fusion table. AOI-expanded rows must not be reported as scene-trial counts.
multimodal_retained,05_multimodal_fusion/analysis_master_long.csv,aoi_expanded_retained_row,TFD_ms,WWR:Complexity,WWR=15;Complexity=0,39,72,111,10890.9009009009,11823.55319071752,1122.2420049174505,8691.306571262698,13090.495230539103,7000.0,16979.0,Main retained fusion table. AOI-expanded rows must not be reported as scene-trial counts.
multimodal_retained,05_multimodal_fusion/analysis_master_long.csv,aoi_expanded_retained_row,TFD_ms,WWR:Complexity,WWR=15;Complexity=1,42,74,175,7895.382857142858,7201.811440931991,544.4057731967366,6828.3475416772535,8962.41817260846,5966.0,11543.5,Main retained fusion table. AOI-expanded rows must not be reported as scene-trial counts.
multimodal_retained,05_multimodal_fusion/analysis_master_long.csv,aoi_expanded_retained_row,TFD_ms,WWR:Complexity,WWR=45;Complexity=0,42,75,139,8967.194244604316,9853.215170751426,835.7388029586104,7329.146190805439,10605.242298403193,4715.0,11695.0,Main retained fusion table. AOI-expanded rows must not be reported as scene-trial counts.
multimodal_retained,05_multimodal_fusion/analysis_master_long.csv,aoi_expanded_retained_row,TFD_ms,WWR:Complexity,WWR=45;Complexity=1,41,73,200,6387.25,6615.459408341728,467.7836208302781,5470.394103172655,7304.105896827345,4302.5,8281.75,Main retained fusion table. AOI-expanded rows must not be reported as scene-trial counts.
multimodal_retained,05_multimodal_fusion/analysis_master_long.csv,aoi_expanded_retained_row,TFD_ms,WWR:Complexity,WWR=75;Complexity=0,42,79,146,9417.938356164384,8912.221520510842,737.5807010903522,7972.280182027294,10863.596530301475,5865.0,11879.25,Main retained fusion table. AOI-expanded rows must not be reported as scene-trial counts.
multimodal_retained,05_multimodal_fusion/analysis_master_long.csv,aoi_expanded_retained_row,TFD_ms,WWR:Complexity,WWR=75;Complexity=1,41,75,217,7312.202764976959,6892.195564508944,467.872721375742,6395.172231080504,8229.233298873412,5440.0,8184.0,Main retained fusion table. AOI-expanded rows must not be reported as scene-trial counts.
multimodal_retained,05_multimodal_fusion/analysis_master_long.csv,aoi_expanded_retained_row,TFD_ms,WWR:ExperienceGroup,WWR=15;ExperienceGroup=High,16,59,111,8969.549549549549,9597.36149701264,910.9412403016721,7184.104718558272,10754.994380540826,4582.0,15874.0,Main retained fusion table. AOI-expanded rows must not be reported as scene-trial counts.
multimodal_retained,05_multimodal_fusion/analysis_master_long.csv,aoi_expanded_retained_row,TFD_ms,WWR:ExperienceGroup,WWR=15;ExperienceGroup=Low,26,87,175,9114.068571428572,9247.027710460781,699.009591097206,7744.009772878048,10484.127369979096,6931.0,12848.0,Main retained fusion table. AOI-expanded rows must not be reported as scene-trial counts.
multimodal_retained,05_multimodal_fusion/analysis_master_long.csv,aoi_expanded_retained_row,TFD_ms,WWR:ExperienceGroup,WWR=45;ExperienceGroup=High,16,58,131,7442.725190839695,8884.97143933199,776.283558986182,5921.209415226778,8964.240966452611,3765.0,9751.5,Main retained fusion table. AOI-expanded rows must not be reported as scene-trial counts.
multimodal_retained,05_multimodal_fusion/analysis_master_long.csv,aoi_expanded_retained_row,TFD_ms,WWR:ExperienceGroup,WWR=45;ExperienceGroup=Low,26,90,208,7446.600961538462,7736.677663255711,536.4420772424113,6395.174490143336,8498.027432933588,4725.0,8377.0,Main retained fusion table. AOI-expanded rows must not be reported as scene-trial counts.
multimodal_retained,05_multimodal_fusion/analysis_master_long.csv,aoi_expanded_retained_row,TFD_ms,WWR:ExperienceGroup,WWR=75;ExperienceGroup=High,16,60,142,8211.0,9143.205975899837,767.280801004203,6707.129630031763,9714.870369968237,4657.0,9185.0,Main retained fusion table. AOI-expanded rows must not be reported as scene-trial counts.
multimodal_retained,05_multimodal_fusion/analysis_master_long.csv,aoi_expanded_retained_row,TFD_ms,WWR:ExperienceGroup,WWR=75;ExperienceGroup=Low,26,94,221,8125.814479638009,6867.761230228214,461.9756135237165,7220.342277131525,9031.286682144493,6101.0,10092.0,Main retained fusion table. AOI-expanded rows must not be reported as scene-trial counts.
multimodal_retained,05_multimodal_fusion/analysis_master_long.csv,aoi_expanded_retained_row,TTFF_ms,overall,all,42,448,988,6957.866396761134,11265.990424348136,358.41890234218675,6255.365348170448,7660.36744535182,2355.5,6872.75,Main retained fusion table. AOI-expanded rows must not be reported as scene-trial counts.
multimodal_retained,05_multimodal_fusion/analysis_master_long.csv,aoi_expanded_retained_row,TTFF_ms,WWR,WWR=15,42,146,286,7759.370629370629,11614.4664271962,686.7777971200145,6413.2861470154,9105.455111725858,2845.5,8791.5,Main retained fusion table. AOI-expanded rows must not be reported as scene-trial counts.
multimodal_retained,05_multimodal_fusion/analysis_master_long.csv,aoi_expanded_retained_row,TTFF_ms,WWR,WWR=45,42,148,339,8018.380530973452,12373.894314588835,672.0576875712678,6701.147463333767,9335.613598613136,2540.0,7767.0,Main retained fusion table. AOI-expanded rows must not be reported as scene-trial counts.
multimodal_retained,05_multimodal_fusion/analysis_master_long.csv,aoi_expanded_retained_row,TTFF_ms,WWR,WWR=75,42,154,363,5335.980716253444,9627.750845598934,505.32586749065376,4345.542015971763,6326.4194165351255,1958.0,4598.5,Main retained fusion table. AOI-expanded rows must not be reported as scene-trial counts.
multimodal_retained,05_multimodal_fusion/analysis_master_long.csv,aoi_expanded_retained_row,TTFF_ms,Complexity,Complexity=0,42,226,396,6451.565656565656,10613.39406900699,533.3431193799933,5406.213142580869,7496.918170550443,2088.0,6601.5,Main retained fusion table. AOI-expanded rows must not be reported as scene-trial counts.
multimodal_retained,05_multimodal_fusion/analysis_master_long.csv,aoi_expanded_retained_row,TTFF_ms,Complexity,Complexity=1,42,222,592,7296.540540540541,11678.773107269353,479.99461795103065,6355.75108935652,8237.32999172456,2481.0,7246.75,Main retained fusion table. AOI-expanded rows must not be reported as scene-trial counts.
multimodal_retained,05_multimodal_fusion/analysis_master_long.csv,aoi_expanded_retained_row,TTFF_ms,ExperienceGroup,ExperienceGroup=High,16,177,384,7915.046874999999,12758.6698525006,651.0881444845247,6638.914111810331,9191.179638189667,2493.0,7518.75,Main retained fusion table. AOI-expanded rows must not be reported as scene-trial counts.
multimodal_retained,05_multimodal_fusion/analysis_master_long.csv,aoi_expanded_retained_row,TTFF_ms,ExperienceGroup,ExperienceGroup=Low,26,271,604,6349.327814569538,10168.637386607883,413.755987332521,5538.366079397796,7160.289549741279,2264.5,6592.0,Main retained fusion table. AOI-expanded rows must not be reported as scene-trial counts.
multimodal_retained,05_multimodal_fusion/analysis_master_long.csv,aoi_expanded_retained_row,TTFF_ms,WWR:Complexity,WWR=15;Complexity=0,39,72,111,7717.891891891892,11713.821082458224,1111.8266941229417,5538.711571410926,9897.072212372857,2383.0,8556.5,Main retained fusion table. AOI-expanded rows must not be reported as scene-trial counts.
multimodal_retained,05_multimodal_fusion/analysis_master_long.csv,aoi_expanded_retained_row,TTFF_ms,WWR:Complexity,WWR=15;Complexity=1,42,74,175,7785.68,11584.646764883528,875.7169818974503,6069.274715480998,9502.085284519002,3315.0,8969.5,Main retained fusion table. AOI-expanded rows must not be reported as scene-trial counts.
multimodal_retained,05_multimodal_fusion/analysis_master_long.csv,aoi_expanded_retained_row,TTFF_ms,WWR:Complexity,WWR=45;Complexity=0,42,75,139,6824.539568345325,10797.397788534874,915.823327358628,5029.525846722414,8619.553289968237,2187.0,6708.0,Main retained fusion table. AOI-expanded rows must not be reported as scene-trial counts.
multimodal_retained,05_multimodal_fusion/analysis_master_long.csv,aoi_expanded_retained_row,TTFF_ms,WWR:Complexity,WWR=45;Complexity=1,41,73,200,8848.099999999999,13323.934765985654,942.144462511565,7001.496853477331,10694.703146522666,2828.5,9944.0,Main retained fusion table. AOI-expanded rows must not be reported as scene-trial counts.
multimodal_retained,05_multimodal_fusion/analysis_master_long.csv,aoi_expanded_retained_row,TTFF_ms,WWR:Complexity,WWR=75;Complexity=0,42,79,146,5133.719178082192,9418.059390666021,779.4441410922028,3606.008661541475,6661.42969462291,1689.5,4274.500000000044,Main retained fusion table. AOI-expanded rows must not be reported as scene-trial counts.
multimodal_retained,05_multimodal_fusion/analysis_master_long.csv,aoi_expanded_retained_row,TTFF_ms,WWR:Complexity,WWR=75;Complexity=1,41,75,217,5472.064516129032,9785.573675696538,664.288025929973,4170.059985306285,6774.0690469517795,2028.0,4541.0,Main retained fusion table. AOI-expanded rows must not be reported as scene-trial counts.
multimodal_retained,05_multimodal_fusion/analysis_master_long.csv,aoi_expanded_retained_row,TTFF_ms,WWR:ExperienceGroup,WWR=15;ExperienceGroup=High,16,59,111,7724.045045045045,11340.83139119029,1076.42407934292,5614.253849532922,9833.836240557168,2950.0,8910.5,Main retained fusion table. AOI-expanded rows must not be reported as scene-trial counts.
multimodal_retained,05_multimodal_fusion/analysis_master_long.csv,aoi_expanded_retained_row,TTFF_ms,WWR:ExperienceGroup,WWR=15;ExperienceGroup=Low,26,87,175,7781.777142857143,11816.969838930247,893.2789555474407,6030.950389984159,9532.603895730126,2741.0,8631.5,Main retained fusion table. AOI-expanded rows must not be reported as scene-trial counts.
multimodal_retained,05_multimodal_fusion/analysis_master_long.csv,aoi_expanded_retained_row,TTFF_ms,WWR:ExperienceGroup,WWR=45;ExperienceGroup=High,16,58,131,9627.641221374044,14320.384987878531,1251.17784568573,7175.332643830014,12079.949798918075,2533.0,14755.5,Main retained fusion table. AOI-expanded rows must not be reported as scene-trial counts.
multimodal_retained,05_multimodal_fusion/analysis_master_long.csv,aoi_expanded_retained_row,TTFF_ms,WWR:ExperienceGroup,WWR=45;ExperienceGroup=Low,26,90,208,7004.8557692307695,10888.059981144947,754.9511260066458,5525.1515622577435,8484.559976203795,2604.0,7304.5,Main retained fusion table. AOI-expanded rows must not be reported as scene-trial counts.
multimodal_retained,05_multimodal_fusion/analysis_master_long.csv,aoi_expanded_retained_row,TTFF_ms,WWR:ExperienceGroup,WWR=75;ExperienceGroup=High,16,60,142,6484.422535211268,12163.223719007945,1020.7150601783594,4483.821017261684,8485.024053160852,2352.0,4628.0,Main retained fusion table. AOI-expanded rows must not be reported as scene-trial counts.
multimodal_retained,05_multimodal_fusion/analysis_master_long.csv,aoi_expanded_retained_row,TTFF_ms,WWR:ExperienceGroup,WWR=75;ExperienceGroup=Low,26,94,221,4598.067873303168,7503.740986389846,504.7562414739503,3608.7456400142255,5587.390106592111,1754.0,4633.0,Main retained fusion table. AOI-expanded rows must not be reported as scene-trial counts.
multimodal_retained,05_multimodal_fusion/analysis_master_long.csv,aoi_expanded_retained_row,attention_share,overall,all,42,448,988,0.1692667590792294,0.16088404885712687,0.005118403444682021,0.15923468832765264,0.17929882983080614,0.1170848506983653,0.2266071870034127,Main retained fusion table. AOI-expanded rows must not be reported as scene-trial counts.
multimodal_retained,05_multimodal_fusion/analysis_master_long.csv,aoi_expanded_retained_row,attention_share,WWR,WWR=15,42,146,286,0.18121668041793335,0.17386260664696154,0.010280711450932224,0.1610664859741062,0.2013668748617605,0.13700248001238746,0.28134778632653346,Main retained fusion table. AOI-expanded rows must not be reported as scene-trial counts.
multimodal_retained,05_multimodal_fusion/analysis_master_long.csv,aoi_expanded_retained_row,attention_share,WWR,WWR=45,42,148,339,0.15441784751243073,0.1573247679623589,0.00854470848597857,0.13767021887991274,0.17116547614494873,0.1013952369497233,0.19240309104086367,Main retained fusion table. AOI-expanded rows must not be reported as scene-trial counts.
multimodal_retained,05_multimodal_fusion/analysis_master_long.csv,aoi_expanded_retained_row,attention_share,WWR,WWR=75,42,154,363,0.17371883488715067,0.15272391025664372,0.008015926427124136,0.15800761908998737,0.18943005068431398,0.1235439949630096,0.21210608028664446,Main retained fusion table. AOI-expanded rows must not be reported as scene-trial counts.
multimodal_retained,05_multimodal_fusion/analysis_master_long.csv,aoi_expanded_retained_row,attention_share,Complexity,Complexity=0,42,226,396,0.2008453237955622,0.1908440801416815,0.009590275868037478,0.18204838309420873,0.21964226449691565,0.12750989292234816,0.29957688840022356,Main retained fusion table. AOI-expanded rows must not be reported as scene-trial counts.
multimodal_retained,05_multimodal_fusion/analysis_master_long.csv,aoi_expanded_retained_row,attention_share,Complexity,Complexity=1,42,222,592,0.14814325970816897,0.1333016014917717,0.005478662072857393,0.13740508204536847,0.15888143737096946,0.1115831372273419,0.18607600397983315,Main retained fusion table. AOI-expanded rows must not be reported as scene-trial counts.
multimodal_retained,05_multimodal_fusion/analysis_master_long.csv,aoi_expanded_retained_row,attention_share,ExperienceGroup,ExperienceGroup=High,16,177,384,0.17794991251288853,0.18011549453326137,0.009191480341157153,0.15993461104422052,0.19596521398155653,0.1086353345203955,0.2567768167549699,Main retained fusion table. AOI-expanded rows must not be reported as scene-trial counts.
multimodal_retained,05_multimodal_fusion/analysis_master_long.csv,aoi_expanded_retained_row,attention_share,ExperienceGroup,ExperienceGroup=Low,26,271,604,0.16374634365120772,0.14725064922543218,0.005991543944310854,0.15200291752035844,0.175489769782057,0.12422154452608275,0.21012613616087167,Main retained fusion table. AOI-expanded rows must not be reported as scene-trial counts.
multimodal_retained,05_multimodal_fusion/analysis_master_long.csv,aoi_expanded_retained_row,attention_share,WWR:Complexity,WWR=15;Complexity=0,39,72,111,0.21789179862020885,0.2162896108665682,0.02052930135521998,0.17765436796397768,0.25812922927644,0.1722367438386856,0.35891396811366355,Main retained fusion table. AOI-expanded rows must not be reported as scene-trial counts.
multimodal_retained,05_multimodal_fusion/analysis_master_long.csv,aoi_expanded_retained_row,attention_share,WWR:Complexity,WWR=15;Complexity=1,42,74,175,0.15795417687249,0.13614361972505784,0.010291490296590024,0.13778285589117356,0.17812549785380644,0.1315910027944477,0.23173253816088435,Main retained fusion table. AOI-expanded rows must not be reported as scene-trial counts.
multimodal_retained,05_multimodal_fusion/analysis_master_long.csv,aoi_expanded_retained_row,attention_share,WWR:Complexity,WWR=45;Complexity=0,42,75,139,0.18836540978304153,0.18840054604993275,0.015979925750521456,0.15704475531201947,0.2196860642540636,0.1204381734833601,0.27973121625864505,Main retained fusion table. AOI-expanded rows must not be reported as scene-trial counts.
multimodal_retained,05_multimodal_fusion/analysis_master_long.csv,aoi_expanded_retained_row,attention_share,WWR:Complexity,WWR=45;Complexity=1,41,73,200,0.1308242917343562,0.1267305996821514,0.008961206641908697,0.11326032671621515,0.14838825675249723,0.0940894557362857,0.16298247797671805,Main retained fusion table. AOI-expanded rows must not be reported as scene-trial counts.
multimodal_retained,05_multimodal_fusion/analysis_master_long.csv,aoi_expanded_retained_row,attention_share,WWR:Complexity,WWR=75;Complexity=0,42,79,146,0.19976689463257982,0.17197023007604398,0.014232357507523804,0.17187147391783317,0.22766231534732648,0.13042904895449947,0.25012276675434303,Main retained fusion table. AOI-expanded rows must not be reported as scene-trial counts.
multimodal_retained,05_multimodal_fusion/analysis_master_long.csv,aoi_expanded_retained_row,attention_share,WWR:Complexity,WWR=75;Complexity=1,41,75,217,0.15619341220128594,0.13590568443844542,0.00922587901540178,0.13811068933109844,0.17427613507147344,0.113160621761658,0.1776988731377948,Main retained fusion table. AOI-expanded rows must not be reported as scene-trial counts.
multimodal_retained,05_multimodal_fusion/analysis_master_long.csv,aoi_expanded_retained_row,attention_share,WWR:ExperienceGroup,WWR=15;ExperienceGroup=High,16,59,111,0.1886375006232581,0.18637703760000685,0.017690125546271064,0.1539648545525668,0.22331014669394939,0.1168348380244291,0.30841568150086884,Main retained fusion table. AOI-expanded rows must not be reported as scene-trial counts.
multimodal_retained,05_multimodal_fusion/analysis_master_long.csv,aoi_expanded_retained_row,attention_share,WWR:ExperienceGroup,WWR=15;ExperienceGroup=Low,26,87,175,0.17650976017341305,0.16581468914205463,0.012534412319753102,0.15194231202669697,0.20107720832012912,0.1432923443078143,0.24872010403081263,Main retained fusion table. AOI-expanded rows must not be reported as scene-trial counts.
multimodal_retained,05_multimodal_fusion/analysis_master_long.csv,aoi_expanded_retained_row,attention_share,WWR:ExperienceGroup,WWR=45;ExperienceGroup=High,16,58,131,0.16284175816868457,0.17509734856384238,0.015298326375082084,0.13285703847352368,0.19282647786384546,0.0981155583242485,0.19859750696492365,Main retained fusion table. AOI-expanded rows must not be reported as scene-trial counts.
multimodal_retained,05_multimodal_fusion/analysis_master_long.csv,aoi_expanded_retained_row,attention_share,WWR:ExperienceGroup,WWR=45;ExperienceGroup=Low,26,90,208,0.14911240378180934,0.14521406065174433,0.010068783492273114,0.12937758813695405,0.16884721942666464,0.101647760830685,0.1856528354820029,Main retained fusion table. AOI-expanded rows must not be reported as scene-trial counts.
multimodal_retained,05_multimodal_fusion/analysis_master_long.csv,aoi_expanded_retained_row,attention_share,WWR:ExperienceGroup,WWR=75;ExperienceGroup=High,16,60,142,0.18353333461739335,0.1800598322776726,0.015110285462545132,0.15391717511080488,0.21314949412398182,0.10675043567183451,0.23197127967467862,Main retained fusion table. AOI-expanded rows must not be reported as scene-trial counts.
multimodal_retained,05_multimodal_fusion/analysis_master_long.csv,aoi_expanded_retained_row,attention_share,WWR:ExperienceGroup,WWR=75;ExperienceGroup=Low,26,94,221,0.167412685739212,0.1322806641308643,0.008898160393259628,0.14997229136842313,0.18485308011000087,0.1314769596093102,0.20385485715296092,Main retained fusion table. AOI-expanded rows must not be reported as scene-trial counts.
multimodal_retained,05_multimodal_fusion/analysis_master_long.csv,aoi_expanded_retained_row,share_pct,overall,all,42,448,988,16.92667590792294,16.088404885712688,0.5118403444682021,15.923468832765266,17.929882983080617,11.70848506983653,22.660718700341274,Main retained fusion table. AOI-expanded rows must not be reported as scene-trial counts.
multimodal_retained,05_multimodal_fusion/analysis_master_long.csv,aoi_expanded_retained_row,share_pct,WWR,WWR=15,42,146,286,18.12166804179334,17.386260664696156,1.0280711450932225,16.106648597410622,20.136687486176054,13.700248001238748,28.134778632653344,Main retained fusion table. AOI-expanded rows must not be reported as scene-trial counts.
multimodal_retained,05_multimodal_fusion/analysis_master_long.csv,aoi_expanded_retained_row,share_pct,WWR,WWR=45,42,148,339,15.44178475124308,15.732476796235888,0.8544708485978569,13.76702188799128,17.11654761449488,10.139523694972336,19.240309104086368,Main retained fusion table. AOI-expanded rows must not be reported as scene-trial counts.
multimodal_retained,05_multimodal_fusion/analysis_master_long.csv,aoi_expanded_retained_row,share_pct,WWR,WWR=75,42,154,363,17.371883488715074,15.272391025664371,0.8015926427124136,15.800761908998744,18.943005068431404,12.35439949630096,21.210608028664446,Main retained fusion table. AOI-expanded rows must not be reported as scene-trial counts.
multimodal_retained,05_multimodal_fusion/analysis_master_long.csv,aoi_expanded_retained_row,share_pct,Complexity,Complexity=0,42,226,396,20.08453237955622,19.084408014168147,0.9590275868037477,18.20483830942087,21.964226449691566,12.750989292234816,29.957688840022357,Main retained fusion table. AOI-expanded rows must not be reported as scene-trial counts.
multimodal_retained,05_multimodal_fusion/analysis_master_long.csv,aoi_expanded_retained_row,share_pct,Complexity,Complexity=1,42,222,592,14.814325970816904,13.330160149177171,0.5478662072857394,13.740508204536855,15.888143737096954,11.158313722734196,18.607600397983312,Main retained fusion table. AOI-expanded rows must not be reported as scene-trial counts.
multimodal_retained,05_multimodal_fusion/analysis_master_long.csv,aoi_expanded_retained_row,share_pct,ExperienceGroup,ExperienceGroup=High,16,177,384,17.794991251288852,18.011549453326136,0.9191480341157153,15.99346110442205,19.596521398155655,10.863533452039551,25.67768167549698,Main retained fusion table. AOI-expanded rows must not be reported as scene-trial counts.
multimodal_retained,05_multimodal_fusion/analysis_master_long.csv,aoi_expanded_retained_row,share_pct,ExperienceGroup,ExperienceGroup=Low,26,271,604,16.374634365120777,14.725064922543218,0.5991543944310854,15.200291752035849,17.548976978205705,12.422154452608279,21.01261361608716,Main retained fusion table. AOI-expanded rows must not be reported as scene-trial counts.
multimodal_retained,05_multimodal_fusion/analysis_master_long.csv,aoi_expanded_retained_row,share_pct,WWR:Complexity,WWR=15;Complexity=0,39,72,111,21.78917986202089,21.628961086656822,2.0529301355219984,17.765436796397772,25.81292292764401,17.22367438386856,35.89139681136634,Main retained fusion table. AOI-expanded rows must not be reported as scene-trial counts.
multimodal_retained,05_multimodal_fusion/analysis_master_long.csv,aoi_expanded_retained_row,share_pct,WWR:Complexity,WWR=15;Complexity=1,42,74,175,15.795417687249007,13.614361972505783,1.0291490296590025,13.778285589117361,17.81254978538065,13.159100279444774,23.173253816088433,Main retained fusion table. AOI-expanded rows must not be reported as scene-trial counts.
multimodal_retained,05_multimodal_fusion/analysis_master_long.csv,aoi_expanded_retained_row,share_pct,WWR:Complexity,WWR=45;Complexity=0,42,75,139,18.836540978304157,18.840054604993274,1.5979925750521453,15.704475531201952,21.968606425406364,12.043817348336011,27.973121625864497,Main retained fusion table. AOI-expanded rows must not be reported as scene-trial counts.
multimodal_retained,05_multimodal_fusion/analysis_master_long.csv,aoi_expanded_retained_row,share_pct,WWR:Complexity,WWR=45;Complexity=1,41,73,200,13.082429173435626,12.673059968215139,0.8961206641908697,11.326032671621522,14.83882567524973,9.408945573628579,16.298247797671806,Main retained fusion table. AOI-expanded rows must not be reported as scene-trial counts.
multimodal_retained,05_multimodal_fusion/analysis_master_long.csv,aoi_expanded_retained_row,share_pct,WWR:Complexity,WWR=75;Complexity=0,42,79,146,19.976689463257987,17.197023007604397,1.4232357507523803,17.18714739178332,22.766231534732654,13.042904895449947,25.012276675434308,Main retained fusion table. AOI-expanded rows must not be reported as scene-trial counts.
multimodal_retained,05_multimodal_fusion/analysis_master_long.csv,aoi_expanded_retained_row,share_pct,WWR:Complexity,WWR=75;Complexity=1,41,75,217,15.619341220128593,13.59056844384454,0.9225879015401779,13.811068933109844,17.427613507147342,11.316062176165802,17.769887313779478,Main retained fusion table. AOI-expanded rows must not be reported as scene-trial counts.
multimodal_retained,05_multimodal_fusion/analysis_master_long.csv,aoi_expanded_retained_row,share_pct,WWR:ExperienceGroup,WWR=15;ExperienceGroup=High,16,59,111,18.863750062325813,18.63770376000069,1.769012554627107,15.396485455256684,22.331014669394943,11.683483802442913,30.841568150086886,Main retained fusion table. AOI-expanded rows must not be reported as scene-trial counts.
multimodal_retained,05_multimodal_fusion/analysis_master_long.csv,aoi_expanded_retained_row,share_pct,WWR:ExperienceGroup,WWR=15;ExperienceGroup=Low,26,87,175,17.65097601734131,16.58146891420546,1.2534412319753099,15.194231202669704,20.107720832012916,14.329234430781437,24.872010403081255,Main retained fusion table. AOI-expanded rows must not be reported as scene-trial counts.
multimodal_retained,05_multimodal_fusion/analysis_master_long.csv,aoi_expanded_retained_row,share_pct,WWR:ExperienceGroup,WWR=45;ExperienceGroup=High,16,58,131,16.28417581686846,17.509734856384238,1.5298326375082085,13.28570384735237,19.282647786384548,9.811555832424856,19.859750696492366,Main retained fusion table. AOI-expanded rows must not be reported as scene-trial counts.
multimodal_retained,05_multimodal_fusion/analysis_master_long.csv,aoi_expanded_retained_row,share_pct,WWR:ExperienceGroup,WWR=45;ExperienceGroup=Low,26,90,208,14.911240378180938,14.52140606517443,1.0068783492273112,12.937758813695408,16.884721942666467,10.164776083068503,18.56528354820029,Main retained fusion table. AOI-expanded rows must not be reported as scene-trial counts.
multimodal_retained,05_multimodal_fusion/analysis_master_long.csv,aoi_expanded_retained_row,share_pct,WWR:ExperienceGroup,WWR=75;ExperienceGroup=High,16,60,142,18.353333461739343,18.00598322776726,1.5110285462545132,15.391717511080497,21.31494941239819,10.675043567183456,23.197127967467857,Main retained fusion table. AOI-expanded rows must not be reported as scene-trial counts.
multimodal_retained,05_multimodal_fusion/analysis_master_long.csv,aoi_expanded_retained_row,share_pct,WWR:ExperienceGroup,WWR=75;ExperienceGroup=Low,26,94,221,16.741268573921197,13.228066413086431,0.8898160393259629,14.997229136842309,18.485308011000082,13.147695960931024,20.385485715296085,Main retained fusion table. AOI-expanded rows must not be reported as scene-trial counts.
multimodal_retained,05_multimodal_fusion/analysis_master_long.csv,aoi_expanded_retained_row,eeg_F_theta,overall,all,42,453,1130,5.955289667956168,3.1369420452888477,0.09331839775119602,5.772385608363824,6.138193727548512,5.28854564776023,3.0456016459394175,Main retained fusion table. AOI-expanded rows must not be reported as scene-trial counts.
multimodal_retained,05_multimodal_fusion/analysis_master_long.csv,aoi_expanded_retained_row,eeg_F_theta,WWR,WWR=15,42,150,375,5.842696483226492,3.0575678535950845,0.15789212502497227,5.533227918177547,6.152165048275437,5.13583122956066,2.8796011310057303,Main retained fusion table. AOI-expanded rows must not be reported as scene-trial counts.
multimodal_retained,05_multimodal_fusion/analysis_master_long.csv,aoi_expanded_retained_row,eeg_F_theta,WWR,WWR=45,42,149,372,5.942377638474007,2.984074841387108,0.15471707319893935,5.639132175004086,6.245623101943927,5.3836565051632,3.214655620061783,Main retained fusion table. AOI-expanded rows must not be reported as scene-trial counts.
multimodal_retained,05_multimodal_fusion/analysis_master_long.csv,aoi_expanded_retained_row,eeg_F_theta,WWR,WWR=75,42,154,383,6.078072224721164,3.354750233140706,0.17141972922787435,5.74208955543453,6.414054894007798,5.44365634752817,3.1502738842121145,Main retained fusion table. AOI-expanded rows must not be reported as scene-trial counts.
multimodal_retained,05_multimodal_fusion/analysis_master_long.csv,aoi_expanded_retained_row,eeg_F_theta,Complexity,Complexity=0,42,229,458,5.9138023429777595,3.054364835236318,0.1427210959788278,5.634068994859257,6.193535691096262,5.16774080799893,3.2438760697938505,Main retained fusion table. AOI-expanded rows must not be reported as scene-trial counts.
multimodal_retained,05_multimodal_fusion/analysis_master_long.csv,aoi_expanded_retained_row,eeg_F_theta,Complexity,Complexity=1,42,224,672,5.983565255515859,3.193947577081483,0.1232092026867449,5.7420752182498385,6.225055292781879,5.37172301089883,2.9426349105050975,Main retained fusion table. AOI-expanded rows must not be reported as scene-trial counts.
multimodal_retained,05_multimodal_fusion/analysis_master_long.csv,aoi_expanded_retained_row,eeg_F_theta,ExperienceGroup,ExperienceGroup=High,16,177,442,6.437315758831368,3.6707793653902487,0.17460116898593572,6.095097467618935,6.779534050043802,5.333679773558125,4.21198273343853,Main retained fusion table. AOI-expanded rows must not be reported as scene-trial counts.
multimodal_retained,05_multimodal_fusion/analysis_master_long.csv,aoi_expanded_retained_row,eeg_F_theta,ExperienceGroup,ExperienceGroup=Low,26,276,688,5.645615929341578,2.6974659886744186,0.10283992669841871,5.444049673012677,5.847182185670479,5.223963849117475,2.7301658570813228,Main retained fusion table. AOI-expanded rows must not be reported as scene-trial counts.
multimodal_retained,05_multimodal_fusion/analysis_master_long.csv,aoi_expanded_retained_row,eeg_F_theta,WWR:Complexity,WWR=15;Complexity=0,41,75,150,5.44603036400125,2.52184855964707,0.2059080726569343,5.0424505415936585,5.8496101864088415,4.92836067457092,2.7533299621909544,Main retained fusion table. AOI-expanded rows must not be reported as scene-trial counts.
multimodal_retained,05_multimodal_fusion/analysis_master_long.csv,aoi_expanded_retained_row,eeg_F_theta,WWR:Complexity,WWR=15;Complexity=1,42,75,225,6.107140562709986,3.3470985669799984,0.22313990446533322,5.669786349957933,6.54449477546204,5.29853632369514,2.9400866270908503,Main retained fusion table. AOI-expanded rows must not be reported as scene-trial counts.
multimodal_retained,05_multimodal_fusion/analysis_master_long.csv,aoi_expanded_retained_row,eeg_F_theta,WWR:Complexity,WWR=45;Complexity=0,42,75,150,6.10266930665378,3.345151498261194,0.2731304761015525,5.567333573494738,6.638005039812823,5.28854564776023,3.251127092654775,Main retained fusion table. AOI-expanded rows must not be reported as scene-trial counts.
multimodal_retained,05_multimodal_fusion/analysis_master_long.csv,aoi_expanded_retained_row,eeg_F_theta,WWR:Complexity,WWR=45;Complexity=1,41,74,222,5.834072457271457,2.7156916800395527,0.18226529151528925,5.4768324859014905,6.191312428641424,5.4055538396203655,3.2481596318927304,Main retained fusion table. AOI-expanded rows must not be reported as scene-trial counts.
multimodal_retained,05_multimodal_fusion/analysis_master_long.csv,aoi_expanded_retained_row,eeg_F_theta,WWR:Complexity,WWR=75;Complexity=0,42,79,158,6.178585585351642,3.1916046337161963,0.25391043145619324,5.680921139697503,6.676250031005781,5.4195919949982,3.47004658414714,Main retained fusion table. AOI-expanded rows must not be reported as scene-trial counts.
multimodal_retained,05_multimodal_fusion/analysis_master_long.csv,aoi_expanded_retained_row,eeg_F_theta,WWR:Complexity,WWR=75;Complexity=1,41,75,225,6.007489509256207,3.4700174769200474,0.2313344984613365,5.554073892271987,6.4609051262404265,5.44365634752817,3.1986742085201403,Main retained fusion table. AOI-expanded rows must not be reported as scene-trial counts.
multimodal_retained,05_multimodal_fusion/analysis_master_long.csv,aoi_expanded_retained_row,eeg_F_theta,WWR:ExperienceGroup,WWR=15;ExperienceGroup=High,16,59,148,6.334389000995409,3.5128339652199987,0.28875317322701527,5.768432781470459,6.900345220520359,5.04080705558446,3.844880196707203,Main retained fusion table. AOI-expanded rows must not be reported as scene-trial counts.
multimodal_retained,05_multimodal_fusion/analysis_master_long.csv,aoi_expanded_retained_row,eeg_F_theta,WWR:ExperienceGroup,WWR=15;ExperienceGroup=Low,26,91,227,5.522121625826491,2.680090691038648,0.17788386688444288,5.173469246732983,5.8707740049199995,5.16915196864064,2.5292190280387703,Main retained fusion table. AOI-expanded rows must not be reported as scene-trial counts.
multimodal_retained,05_multimodal_fusion/analysis_master_long.csv,aoi_expanded_retained_row,eeg_F_theta,WWR:ExperienceGroup,WWR=45;ExperienceGroup=High,16,58,144,6.22545199343995,3.319449006968602,0.27662075058071683,5.683275322301745,6.767628664578155,5.3836565051632,4.81751868151856,Main retained fusion table. AOI-expanded rows must not be reported as scene-trial counts.
multimodal_retained,05_multimodal_fusion/analysis_master_long.csv,aoi_expanded_retained_row,eeg_F_theta,WWR:ExperienceGroup,WWR=45;ExperienceGroup=Low,26,91,228,5.76359383533762,2.7439465076395377,0.1817222967712096,5.407418133666049,6.119769537009191,5.42745117407753,2.63560375875317,Main retained fusion table. AOI-expanded rows must not be reported as scene-trial counts.
multimodal_retained,05_multimodal_fusion/analysis_master_long.csv,aoi_expanded_retained_row,eeg_F_theta,WWR:ExperienceGroup,WWR=75;ExperienceGroup=High,16,60,150,6.742259374671942,4.121206726776431,0.33649512017093014,6.082728939136919,7.4017898102069655,5.90022655188215,4.6276884946058665,Main retained fusion table. AOI-expanded rows must not be reported as scene-trial counts.
multimodal_retained,05_multimodal_fusion/analysis_master_long.csv,aoi_expanded_retained_row,eeg_F_theta,WWR:ExperienceGroup,WWR=75;ExperienceGroup=Low,26,94,233,5.650483930761436,2.6746918091160423,0.1752248864504,5.307043153318652,5.99392470820422,5.3043646032123,2.96950682964049,Main retained fusion table. AOI-expanded rows must not be reported as scene-trial counts.
multimodal_retained,05_multimodal_fusion/analysis_master_long.csv,aoi_expanded_retained_row,eeg_F_alpha,overall,all,42,453,1130,5.016777143265666,4.099441069212398,0.12195101686015547,4.777753150219762,5.255801136311571,3.97602281403279,3.2506365586343557,Main retained fusion table. AOI-expanded rows must not be reported as scene-trial counts.
multimodal_retained,05_multimodal_fusion/analysis_master_long.csv,aoi_expanded_retained_row,eeg_F_alpha,WWR,WWR=15,42,150,375,4.546660932797281,2.786784870675702,0.14390895191453046,4.264599387044802,4.828722478549761,3.9325592520108,2.62800475946566,Main retained fusion table. AOI-expanded rows must not be reported as scene-trial counts.
multimodal_retained,05_multimodal_fusion/analysis_master_long.csv,aoi_expanded_retained_row,eeg_F_alpha,WWR,WWR=45,42,149,372,5.115596342130314,4.556954247530662,0.2362670714892965,4.652512882011293,5.578679802249336,3.8585549975087,3.2898768940761,Main retained fusion table. AOI-expanded rows must not be reported as scene-trial counts.
multimodal_retained,05_multimodal_fusion/analysis_master_long.csv,aoi_expanded_retained_row,eeg_F_alpha,WWR,WWR=75,42,154,383,5.381092644435365,4.640844035977207,0.23713605268647195,4.91630598116988,5.845879307700851,4.31907994886243,4.12547885489071,Main retained fusion table. AOI-expanded rows must not be reported as scene-trial counts.
multimodal_retained,05_multimodal_fusion/analysis_master_long.csv,aoi_expanded_retained_row,eeg_F_alpha,Complexity,Complexity=0,42,229,458,4.542577652666635,3.0076017813593765,0.1405360019705288,4.267127088804399,4.818028216528871,3.82670754528257,2.79472786331811,Main retained fusion table. AOI-expanded rows must not be reported as scene-trial counts.
multimodal_retained,05_multimodal_fusion/analysis_master_long.csv,aoi_expanded_retained_row,eeg_F_alpha,Complexity,Complexity=1,42,224,672,5.33996667703703,4.67518192337878,0.18034905811489046,4.986482523131845,5.693450830942216,4.09615975979545,3.6988726190033105,Main retained fusion table. AOI-expanded rows must not be reported as scene-trial counts.
multimodal_retained,05_multimodal_fusion/analysis_master_long.csv,aoi_expanded_retained_row,eeg_F_alpha,ExperienceGroup,ExperienceGroup=High,16,177,442,5.6121120593628335,5.245603676361011,0.2495079226403422,5.123076530987763,6.101147587737904,4.0005209782115045,4.00842125734421,Main retained fusion table. AOI-expanded rows must not be reported as scene-trial counts.
multimodal_retained,05_multimodal_fusion/analysis_master_long.csv,aoi_expanded_retained_row,eeg_F_alpha,ExperienceGroup,ExperienceGroup=Low,26,276,688,4.634309072168358,3.0951210330502694,0.11800038313663513,4.403028321220553,4.865589823116164,3.95925512689177,2.8987675359097578,Main retained fusion table. AOI-expanded rows must not be reported as scene-trial counts.
multimodal_retained,05_multimodal_fusion/analysis_master_long.csv,aoi_expanded_retained_row,eeg_F_alpha,WWR:Complexity,WWR=15;Complexity=0,41,75,150,4.097622103312466,2.575217895283082,0.21026566066425315,3.6855014084105293,4.509742798214401,3.51000237266266,2.507596636694908,Main retained fusion table. AOI-expanded rows must not be reported as scene-trial counts.
multimodal_retained,05_multimodal_fusion/analysis_master_long.csv,aoi_expanded_retained_row,eeg_F_alpha,WWR:Complexity,WWR=15;Complexity=1,42,75,225,4.846020152453825,2.886242186428879,0.19241614576192528,4.4688845067604515,5.223155798147198,3.97602281403279,3.4113164319482894,Main retained fusion table. AOI-expanded rows must not be reported as scene-trial counts.
multimodal_retained,05_multimodal_fusion/analysis_master_long.csv,aoi_expanded_retained_row,eeg_F_alpha,WWR:Complexity,WWR=45;Complexity=0,42,75,150,4.541559635454264,2.572437080428235,0.21003860808213556,4.1298839636132785,4.953235307295249,3.91072765326697,2.9148947985157956,Main retained fusion table. AOI-expanded rows must not be reported as scene-trial counts.
multimodal_retained,05_multimodal_fusion/analysis_master_long.csv,aoi_expanded_retained_row,eeg_F_alpha,WWR:Complexity,WWR=45;Complexity=1,41,74,222,5.503458981776295,5.479414953704056,0.367754252520875,4.78266064683538,6.22425731671721,3.806968638944155,3.5780662269376196,Main retained fusion table. AOI-expanded rows must not be reported as scene-trial counts.
multimodal_retained,05_multimodal_fusion/analysis_master_long.csv,aoi_expanded_retained_row,eeg_F_alpha,WWR:Complexity,WWR=75;Complexity=0,42,79,158,4.965970279153856,3.6587922655276164,0.29107788381263167,4.395457626881098,5.536482931426614,3.78708494075137,3.203238556554095,Main retained fusion table. AOI-expanded rows must not be reported as scene-trial counts.
multimodal_retained,05_multimodal_fusion/analysis_master_long.csv,aoi_expanded_retained_row,eeg_F_alpha,WWR:Complexity,WWR=75;Complexity=1,41,75,225,5.672600794277493,5.209551096734546,0.34730340644896973,4.991886117637512,6.353315470917473,4.3747200239921,4.620892968870391,Main retained fusion table. AOI-expanded rows must not be reported as scene-trial counts.
multimodal_retained,05_multimodal_fusion/analysis_master_long.csv,aoi_expanded_retained_row,eeg_F_alpha,WWR:ExperienceGroup,WWR=15;ExperienceGroup=High,16,59,148,4.779728680379576,2.9256321138660706,0.24048547837380688,4.308377142766915,5.251080217992238,4.08292619365305,2.1482770726255898,Main retained fusion table. AOI-expanded rows must not be reported as scene-trial counts.
multimodal_retained,05_multimodal_fusion/analysis_master_long.csv,aoi_expanded_retained_row,eeg_F_alpha,WWR:ExperienceGroup,WWR=15;ExperienceGroup=Low,26,91,227,4.394704868294285,2.688097335701247,0.17841528655546934,4.045010906645565,4.744398829943005,3.8359496535931,2.946650684064595,Main retained fusion table. AOI-expanded rows must not be reported as scene-trial counts.
multimodal_retained,05_multimodal_fusion/analysis_master_long.csv,aoi_expanded_retained_row,eeg_F_alpha,WWR:ExperienceGroup,WWR=45;ExperienceGroup=High,16,58,144,5.783406175786288,5.749150541171024,0.47909587843091866,4.844378254061687,6.722434097510889,3.8697668880771303,4.026095977696848,Main retained fusion table. AOI-expanded rows must not be reported as scene-trial counts.
multimodal_retained,05_multimodal_fusion/analysis_master_long.csv,aoi_expanded_retained_row,eeg_F_alpha,WWR:ExperienceGroup,WWR=45;ExperienceGroup=Low,26,91,228,4.693821710347595,3.557460075786959,0.23559854896734453,4.232048554371599,5.15559486632359,3.8585549975087,2.76049564756407,Main retained fusion table. AOI-expanded rows must not be reported as scene-trial counts.
multimodal_retained,05_multimodal_fusion/analysis_master_long.csv,aoi_expanded_retained_row,eeg_F_alpha,WWR:ExperienceGroup,WWR=75;ExperienceGroup=High,16,60,150,6.268954641526459,6.334346314550017,0.5171972108242231,5.255248108310982,7.2826611747419365,4.3356407711010405,5.43565016864942,Main retained fusion table. AOI-expanded rows must not be reported as scene-trial counts.
multimodal_retained,05_multimodal_fusion/analysis_master_long.csv,aoi_expanded_retained_row,eeg_F_alpha,WWR:ExperienceGroup,WWR=75;ExperienceGroup=Low,26,94,233,4.80950766776728,2.9758104362164666,0.19495182361076388,4.4274020934901825,5.191613242044377,4.27576308085344,3.23243051493494,Main retained fusion table. AOI-expanded rows must not be reported as scene-trial counts.
multimodal_retained,05_multimodal_fusion/analysis_master_long.csv,aoi_expanded_retained_row,eeg_F_beta,overall,all,42,453,1130,10.06089580997763,11.741567611250732,0.34929057048242806,9.376286291832072,10.745505328123189,6.24967661372641,8.40106726739106,Main retained fusion table. AOI-expanded rows must not be reported as scene-trial counts.
multimodal_retained,05_multimodal_fusion/analysis_master_long.csv,aoi_expanded_retained_row,eeg_F_beta,WWR,WWR=15,42,150,375,9.497534175860626,10.376608934687948,0.5358457812553801,8.44727644460008,10.547791907121171,6.02714548362272,8.200376460614908,Main retained fusion table. AOI-expanded rows must not be reported as scene-trial counts.
multimodal_retained,05_multimodal_fusion/analysis_master_long.csv,aoi_expanded_retained_row,eeg_F_beta,WWR,WWR=45,42,149,372,10.774173902811025,13.908155429891556,0.7211042671800107,9.360809539138204,12.187538266483847,6.40342016480061,9.378907985773804,Main retained fusion table. AOI-expanded rows must not be reported as scene-trial counts.
multimodal_retained,05_multimodal_fusion/analysis_master_long.csv,aoi_expanded_retained_row,eeg_F_beta,WWR,WWR=75,42,154,383,9.919697800212237,10.646371587237352,0.5440041755463282,8.853449616141434,10.98594598428304,6.3665944370848,7.789080800877155,Main retained fusion table. AOI-expanded rows must not be reported as scene-trial counts.
multimodal_retained,05_multimodal_fusion/analysis_master_long.csv,aoi_expanded_retained_row,eeg_F_beta,Complexity,Complexity=0,42,229,458,9.641339166248134,10.362917729995248,0.48422734537176415,8.692253569319476,10.590424763176792,6.02719130274816,8.55930283468144,Main retained fusion table. AOI-expanded rows must not be reported as scene-trial counts.
multimodal_retained,05_multimodal_fusion/analysis_master_long.csv,aoi_expanded_retained_row,eeg_F_beta,Complexity,Complexity=1,42,224,672,10.34684364156708,12.594565814177676,0.4858459241114142,9.394585630308708,11.299101652825453,6.509391099278515,8.256501651075004,Main retained fusion table. AOI-expanded rows must not be reported as scene-trial counts.
multimodal_retained,05_multimodal_fusion/analysis_master_long.csv,aoi_expanded_retained_row,eeg_F_beta,ExperienceGroup,ExperienceGroup=High,16,177,442,8.737668650434179,6.09751120699689,0.29002903162318433,8.169211748452737,9.30612555241562,6.26443021389244,5.912635567472515,Main retained fusion table. AOI-expanded rows must not be reported as scene-trial counts.
multimodal_retained,05_multimodal_fusion/analysis_master_long.csv,aoi_expanded_retained_row,eeg_F_beta,ExperienceGroup,ExperienceGroup=Low,26,276,688,10.910992328172698,14.172034721790167,0.5403037584442584,9.851996961621952,11.969987694723445,6.24967661372641,9.837574807754748,Main retained fusion table. AOI-expanded rows must not be reported as scene-trial counts.
multimodal_retained,05_multimodal_fusion/analysis_master_long.csv,aoi_expanded_retained_row,eeg_F_beta,WWR:Complexity,WWR=15;Complexity=0,41,75,150,8.692074447469416,8.288097180111036,0.6767203009957389,7.365702657517768,10.018446237421065,5.77210530872259,7.534416167797758,Main retained fusion table. AOI-expanded rows must not be reported as scene-trial counts.
multimodal_retained,05_multimodal_fusion/analysis_master_long.csv,aoi_expanded_retained_row,eeg_F_beta,WWR:Complexity,WWR=15;Complexity=1,42,75,225,10.034507328121434,11.548171399217123,0.7698780932811415,8.525546265290396,11.543468390952471,6.24967661372641,8.13905367304275,Main retained fusion table. AOI-expanded rows must not be reported as scene-trial counts.
multimodal_retained,05_multimodal_fusion/analysis_master_long.csv,aoi_expanded_retained_row,eeg_F_beta,WWR:Complexity,WWR=45;Complexity=0,42,75,150,9.954444686215972,9.179562669975283,0.7495081534446607,8.485408705464437,11.423480666967507,6.4969720963461,9.26356400295595,Main retained fusion table. AOI-expanded rows must not be reported as scene-trial counts.
multimodal_retained,05_multimodal_fusion/analysis_master_long.csv,aoi_expanded_retained_row,eeg_F_beta,WWR:Complexity,WWR=45;Complexity=1,41,74,222,11.328044995104978,16.34480833505687,1.0969917085386074,9.177941246369308,13.478148743840649,6.30821390737884,9.661754821216281,Main retained fusion table. AOI-expanded rows must not be reported as scene-trial counts.
multimodal_retained,05_multimodal_fusion/analysis_master_long.csv,aoi_expanded_retained_row,eeg_F_beta,WWR:Complexity,WWR=75;Complexity=0,42,79,158,10.24528777271416,12.888343462409923,1.0253415522478864,8.235618330308302,12.254957215120019,6.06383915348722,8.484752609827117,Main retained fusion table. AOI-expanded rows must not be reported as scene-trial counts.
multimodal_retained,05_multimodal_fusion/analysis_master_long.csv,aoi_expanded_retained_row,eeg_F_beta,WWR:Complexity,WWR=75;Complexity=1,41,75,225,9.691061286188663,8.760246687051191,0.5840164458034127,8.546389052413975,10.835733519963352,6.62134934914988,7.32167747224297,Main retained fusion table. AOI-expanded rows must not be reported as scene-trial counts.
multimodal_retained,05_multimodal_fusion/analysis_master_long.csv,aoi_expanded_retained_row,eeg_F_beta,WWR:ExperienceGroup,WWR=15;ExperienceGroup=High,16,59,148,8.136605179739368,5.004179513478221,0.4113410221550176,7.330376776315533,8.942833583163202,6.22804694520299,5.541129258802806,Main retained fusion table. AOI-expanded rows must not be reported as scene-trial counts.
multimodal_retained,05_multimodal_fusion/analysis_master_long.csv,aoi_expanded_retained_row,eeg_F_beta,WWR:ExperienceGroup,WWR=15;ExperienceGroup=Low,26,91,227,10.384835900204003,12.644929973402304,0.8392734796896323,8.739859880012324,12.029811920395682,5.56766985647678,9.436035121968489,Main retained fusion table. AOI-expanded rows must not be reported as scene-trial counts.
multimodal_retained,05_multimodal_fusion/analysis_master_long.csv,aoi_expanded_retained_row,eeg_F_beta,WWR:ExperienceGroup,WWR=45;ExperienceGroup=High,16,58,144,8.713517508636999,6.164783624117243,0.5137319686764369,7.7066028500311825,9.720432167242816,5.88090995901357,5.342864997041955,Main retained fusion table. AOI-expanded rows must not be reported as scene-trial counts.
multimodal_retained,05_multimodal_fusion/analysis_master_long.csv,aoi_expanded_retained_row,eeg_F_beta,WWR:ExperienceGroup,WWR=45;ExperienceGroup=Low,26,91,228,12.075641099131461,16.964946802954074,1.1235310488199919,9.873520243444277,14.277761954818645,6.55203751714588,10.685556228146055,Main retained fusion table. AOI-expanded rows must not be reported as scene-trial counts.
multimodal_retained,05_multimodal_fusion/analysis_master_long.csv,aoi_expanded_retained_row,eeg_F_beta,WWR:ExperienceGroup,WWR=75;ExperienceGroup=High,16,60,150,9.353903037645015,6.936872421658531,0.5663932614616026,8.243772245180274,10.464033830109756,6.53513159694131,6.959609332429402,Main retained fusion table. AOI-expanded rows must not be reported as scene-trial counts.
multimodal_retained,05_multimodal_fusion/analysis_master_long.csv,aoi_expanded_retained_row,eeg_F_beta,WWR:ExperienceGroup,WWR=75;ExperienceGroup=Low,26,94,233,10.283943355513024,12.465302817428752,0.8166291395925984,8.683350241911532,11.884536469114517,6.17309756145529,8.72016409847572,Main retained fusion table. AOI-expanded rows must not be reported as scene-trial counts.
multimodal_retained,05_multimodal_fusion/analysis_master_long.csv,aoi_expanded_retained_row,eeg_P_theta,overall,all,42,453,1130,0.6506669787749404,0.3272824929832709,0.009736066977419614,0.6315842874991979,0.6697496700506829,0.595135092074527,0.33057882948950856,Main retained fusion table. AOI-expanded rows must not be reported as scene-trial counts.
multimodal_retained,05_multimodal_fusion/analysis_master_long.csv,aoi_expanded_retained_row,eeg_P_theta,WWR,WWR=15,42,150,375,0.6273482132550234,0.28374420360999597,0.014652487668858677,0.5986293374240604,0.6560670890859864,0.577742003009852,0.33540883884618605,Main retained fusion table. AOI-expanded rows must not be reported as scene-trial counts.
multimodal_retained,05_multimodal_fusion/analysis_master_long.csv,aoi_expanded_retained_row,eeg_P_theta,WWR,WWR=45,42,149,372,0.6447917827866247,0.27869787221293646,0.014449811545448398,0.6164701521575459,0.6731134134157036,0.60122194913318,0.322650593599888,Main retained fusion table. AOI-expanded rows must not be reported as scene-trial counts.
multimodal_retained,05_multimodal_fusion/analysis_master_long.csv,aoi_expanded_retained_row,eeg_P_theta,WWR,WWR=75,42,154,383,0.6792051249306121,0.4011609743624983,0.020498368231017413,0.639028323197818,0.7193819266634063,0.596735135324597,0.3237017798196621,Main retained fusion table. AOI-expanded rows must not be reported as scene-trial counts.
multimodal_retained,05_multimodal_fusion/analysis_master_long.csv,aoi_expanded_retained_row,eeg_P_theta,Complexity,Complexity=0,42,229,458,0.6565134433226915,0.3602791086596132,0.016834737177753304,0.623517358454295,0.6895095281910879,0.595135092074527,0.34740965449726,Main retained fusion table. AOI-expanded rows must not be reported as scene-trial counts.
multimodal_retained,05_multimodal_fusion/analysis_master_long.csv,aoi_expanded_retained_row,eeg_P_theta,Complexity,Complexity=1,42,224,672,0.6466823347825742,0.30295641191510925,0.011686797312749193,0.6237762120495858,0.6695884575155626,0.5958389935780425,0.3075547606866475,Main retained fusion table. AOI-expanded rows must not be reported as scene-trial counts.
multimodal_retained,05_multimodal_fusion/analysis_master_long.csv,aoi_expanded_retained_row,eeg_P_theta,ExperienceGroup,ExperienceGroup=High,16,177,442,0.7557398624010462,0.404743860117259,0.019251702181463177,0.7180065261253783,0.7934731986767141,0.6795996587745275,0.375656388840493,Main retained fusion table. AOI-expanded rows must not be reported as scene-trial counts.
multimodal_retained,05_multimodal_fusion/analysis_master_long.csv,aoi_expanded_retained_row,eeg_P_theta,ExperienceGroup,ExperienceGroup=Low,26,276,688,0.5831637599337504,0.24331869627436686,0.009276438329258552,0.5649819408084036,0.6013455790590971,0.543543012155631,0.29554076821767,Main retained fusion table. AOI-expanded rows must not be reported as scene-trial counts.
multimodal_retained,05_multimodal_fusion/analysis_master_long.csv,aoi_expanded_retained_row,eeg_P_theta,WWR:Complexity,WWR=15;Complexity=0,41,75,150,0.6000519504037763,0.2666430716928813,0.02177131563653041,0.5573801717561767,0.642723729051376,0.539617841555413,0.32340436465333927,Main retained fusion table. AOI-expanded rows must not be reported as scene-trial counts.
multimodal_retained,05_multimodal_fusion/analysis_master_long.csv,aoi_expanded_retained_row,eeg_P_theta,WWR:Complexity,WWR=15;Complexity=1,42,75,225,0.6455457218225213,0.2937676819660618,0.019584512131070785,0.6071600780456226,0.6839313655994201,0.604323286141337,0.351867104914955,Main retained fusion table. AOI-expanded rows must not be reported as scene-trial counts.
multimodal_retained,05_multimodal_fusion/analysis_master_long.csv,aoi_expanded_retained_row,eeg_P_theta,WWR:Complexity,WWR=45;Complexity=0,42,75,150,0.6679275993315582,0.3061246911658505,0.0249949763674473,0.6189374456513616,0.7169177530117549,0.657325089184128,0.31647632889168453,Main retained fusion table. AOI-expanded rows must not be reported as scene-trial counts.
multimodal_retained,05_multimodal_fusion/analysis_master_long.csv,aoi_expanded_retained_row,eeg_P_theta,WWR:Complexity,WWR=45;Complexity=1,41,74,222,0.6291594743103182,0.25807170849370203,0.017320638983497668,0.5952110219026627,0.6631079267179736,0.5558409921718526,0.297721105446763,Main retained fusion table. AOI-expanded rows must not be reported as scene-trial counts.
multimodal_retained,05_multimodal_fusion/analysis_master_long.csv,aoi_expanded_retained_row,eeg_P_theta,WWR:Complexity,WWR=75;Complexity=0,42,79,158,0.6992799024145098,0.46519327878552913,0.03700879014874188,0.6267426737229757,0.7718171311060439,0.607154627285025,0.37210634859758285,Main retained fusion table. AOI-expanded rows must not be reported as scene-trial counts.
multimodal_retained,05_multimodal_fusion/analysis_master_long.csv,aoi_expanded_retained_row,eeg_P_theta,WWR:Complexity,WWR=75;Complexity=1,41,75,225,0.665108170075253,0.3496897268852866,0.023312648459019106,0.6194153790955755,0.7108009610549305,0.596735135324597,0.2986668550796979,Main retained fusion table. AOI-expanded rows must not be reported as scene-trial counts.
multimodal_retained,05_multimodal_fusion/analysis_master_long.csv,aoi_expanded_retained_row,eeg_P_theta,WWR:ExperienceGroup,WWR=15;ExperienceGroup=High,16,59,148,0.7261361648082284,0.3182834530150523,0.026162738675863433,0.6748571970035361,0.7774151326129207,0.635478101268573,0.3708652629844278,Main retained fusion table. AOI-expanded rows must not be reported as scene-trial counts.
multimodal_retained,05_multimodal_fusion/analysis_master_long.csv,aoi_expanded_retained_row,eeg_P_theta,WWR:ExperienceGroup,WWR=15;ExperienceGroup=Low,26,91,227,0.5629402095991893,0.23829467148355024,0.015816172849368936,0.5319405108144262,0.5939399083839525,0.500491606895677,0.28101126517538,Main retained fusion table. AOI-expanded rows must not be reported as scene-trial counts.
multimodal_retained,05_multimodal_fusion/analysis_master_long.csv,aoi_expanded_retained_row,eeg_P_theta,WWR:ExperienceGroup,WWR=45;ExperienceGroup=High,16,58,144,0.7232749397376911,0.32554876557984697,0.02712906379832058,0.6701019746929827,0.7764479047823994,0.691304590086827,0.37959731308954825,Main retained fusion table. AOI-expanded rows must not be reported as scene-trial counts.
multimodal_retained,05_multimodal_fusion/analysis_master_long.csv,aoi_expanded_retained_row,eeg_P_theta,WWR:ExperienceGroup,WWR=45;ExperienceGroup=Low,26,91,228,0.5952234731333196,0.2319605194676994,0.015361960679829194,0.5651140302008544,0.6253329160657848,0.558062976819178,0.26523459390185944,Main retained fusion table. AOI-expanded rows must not be reported as scene-trial counts.
multimodal_retained,05_multimodal_fusion/analysis_master_long.csv,aoi_expanded_retained_row,eeg_P_theta,WWR:ExperienceGroup,WWR=75;ExperienceGroup=High,16,60,150,0.8161151697827805,0.5269141480176809,0.04302236002988822,0.7317913441241997,0.9004389954413614,0.721430013411366,0.44951873735682574,Main retained fusion table. AOI-expanded rows must not be reported as scene-trial counts.
multimodal_retained,05_multimodal_fusion/analysis_master_long.csv,aoi_expanded_retained_row,eeg_P_theta,WWR:ExperienceGroup,WWR=75;ExperienceGroup=Low,26,94,233,0.591065611077285,0.2583555212534181,0.016925432949385467,0.5578917624964894,0.6242394596580805,0.548843473841,0.31248134408656497,Main retained fusion table. AOI-expanded rows must not be reported as scene-trial counts.
multimodal_retained,05_multimodal_fusion/analysis_master_long.csv,aoi_expanded_retained_row,eeg_P_alpha,overall,all,42,453,1130,0.8458398118187058,0.6842405685588311,0.020354929294971413,0.8059441504005619,0.8857354732368498,0.6814416247851315,0.674802053129075,Main retained fusion table. AOI-expanded rows must not be reported as scene-trial counts.
multimodal_retained,05_multimodal_fusion/analysis_master_long.csv,aoi_expanded_retained_row,eeg_P_alpha,WWR,WWR=15,42,150,375,0.7859696522827966,0.6606871381430349,0.03411773710775218,0.7190988875516023,0.8528404170139908,0.621224506738248,0.634555757092663,Main retained fusion table. AOI-expanded rows must not be reported as scene-trial counts.
multimodal_retained,05_multimodal_fusion/analysis_master_long.csv,aoi_expanded_retained_row,eeg_P_alpha,WWR,WWR=45,42,149,372,0.8286458509106409,0.6143651470573066,0.03185334902121905,0.7662132868290515,0.8910784149922303,0.700372904421195,0.664376393176398,Main retained fusion table. AOI-expanded rows must not be reported as scene-trial counts.
multimodal_retained,05_multimodal_fusion/analysis_master_long.csv,aoi_expanded_retained_row,eeg_P_alpha,WWR,WWR=75,42,154,383,0.921159559295902,0.761763580267668,0.038924300645443284,0.8448679300308332,0.9974511885609708,0.763310499502988,0.744749147816151,Main retained fusion table. AOI-expanded rows must not be reported as scene-trial counts.
multimodal_retained,05_multimodal_fusion/analysis_master_long.csv,aoi_expanded_retained_row,eeg_P_alpha,Complexity,Complexity=0,42,229,458,0.7909715620110321,0.6500521009174585,0.03037493989453329,0.7314366798177468,0.8505064442043174,0.62201327968824,0.627015024375973,Main retained fusion table. AOI-expanded rows must not be reported as scene-trial counts.
multimodal_retained,05_multimodal_fusion/analysis_master_long.csv,aoi_expanded_retained_row,eeg_P_alpha,Complexity,Complexity=1,42,224,672,0.8832351368364358,0.7046249535936913,0.02718149770159753,0.8299594013413046,0.936510872331567,0.7073815411990495,0.7129315502197175,Main retained fusion table. AOI-expanded rows must not be reported as scene-trial counts.
multimodal_retained,05_multimodal_fusion/analysis_master_long.csv,aoi_expanded_retained_row,eeg_P_alpha,ExperienceGroup,ExperienceGroup=High,16,177,442,0.7913604215309847,0.5367819287679042,0.025532112645358485,0.7413174807460821,0.8414033623158874,0.665101111159157,0.6218064565749841,Main retained fusion table. AOI-expanded rows must not be reported as scene-trial counts.
multimodal_retained,05_multimodal_fusion/analysis_master_long.csv,aoi_expanded_retained_row,eeg_P_alpha,ExperienceGroup,ExperienceGroup=Low,26,276,688,0.8808396526721546,0.7624358866611883,0.02906759567152576,0.8238671651559641,0.937812140188345,0.697055560368066,0.729968543159628,Main retained fusion table. AOI-expanded rows must not be reported as scene-trial counts.
multimodal_retained,05_multimodal_fusion/analysis_master_long.csv,aoi_expanded_retained_row,eeg_P_alpha,WWR:Complexity,WWR=15;Complexity=0,41,75,150,0.698295878526499,0.5414405355331867,0.04420843460385239,0.6116473467029483,0.7849444103500497,0.560787196909422,0.6749254525582572,Main retained fusion table. AOI-expanded rows must not be reported as scene-trial counts.
multimodal_retained,05_multimodal_fusion/analysis_master_long.csv,aoi_expanded_retained_row,eeg_P_alpha,WWR:Complexity,WWR=15;Complexity=1,42,75,225,0.8444188347869949,0.7247278125775057,0.04831518750516705,0.7497210672768675,0.9391166022971222,0.668494579848908,0.6826769225054019,Main retained fusion table. AOI-expanded rows must not be reported as scene-trial counts.
multimodal_retained,05_multimodal_fusion/analysis_master_long.csv,aoi_expanded_retained_row,eeg_P_alpha,WWR:Complexity,WWR=45;Complexity=0,42,75,150,0.7869046573494505,0.5724663305705465,0.04674168016070926,0.6952909642344604,0.8785183504644406,0.700372904421195,0.5520696340797099,Main retained fusion table. AOI-expanded rows must not be reported as scene-trial counts.
multimodal_retained,05_multimodal_fusion/analysis_master_long.csv,aoi_expanded_retained_row,eeg_P_alpha,WWR:Complexity,WWR=45;Complexity=1,41,74,222,0.8568493600736078,0.640856498897898,0.04301147197585839,0.7725468750009253,0.9411518451462902,0.7373642101941076,0.7090052977502261,Main retained fusion table. AOI-expanded rows must not be reported as scene-trial counts.
multimodal_retained,05_multimodal_fusion/analysis_master_long.csv,aoi_expanded_retained_row,eeg_P_alpha,WWR:Complexity,WWR=75;Complexity=0,42,79,158,0.8828157912636727,0.7899827112733131,0.06284765003263769,0.7596343971997028,1.0059971853276426,0.62518998507135,0.6593720862964313,Main retained fusion table. AOI-expanded rows must not be reported as scene-trial counts.
multimodal_retained,05_multimodal_fusion/analysis_master_long.csv,aoi_expanded_retained_row,eeg_P_alpha,WWR:Complexity,WWR=75;Complexity=1,41,75,225,0.9480854052918674,0.7419013882026273,0.04946009254684182,0.8511436239000574,1.0450271866836773,0.789137153006019,0.8543746595452009,Main retained fusion table. AOI-expanded rows must not be reported as scene-trial counts.
multimodal_retained,05_multimodal_fusion/analysis_master_long.csv,aoi_expanded_retained_row,eeg_P_alpha,WWR:ExperienceGroup,WWR=15;ExperienceGroup=High,16,59,148,0.6936578353197123,0.3949803999411529,0.03246718887789527,0.6300221451190375,0.757293525520387,0.560787196909422,0.526595905694132,Main retained fusion table. AOI-expanded rows must not be reported as scene-trial counts.
multimodal_retained,05_multimodal_fusion/analysis_master_long.csv,aoi_expanded_retained_row,eeg_P_alpha,WWR:ExperienceGroup,WWR=15;ExperienceGroup=Low,26,91,227,0.846155330302781,0.7820920451433042,0.05190927221785086,0.7444131567557933,0.9478975038497687,0.643132757187045,0.6982016490223455,Main retained fusion table. AOI-expanded rows must not be reported as scene-trial counts.
multimodal_retained,05_multimodal_fusion/analysis_master_long.csv,aoi_expanded_retained_row,eeg_P_alpha,WWR:ExperienceGroup,WWR=45;ExperienceGroup=High,16,58,144,0.7696558943118169,0.42287558692602917,0.035239632243835764,0.7005862151138988,0.838725573509735,0.6906572902032815,0.5734364167599939,Main retained fusion table. AOI-expanded rows must not be reported as scene-trial counts.
multimodal_retained,05_multimodal_fusion/analysis_master_long.csv,aoi_expanded_retained_row,eeg_P_alpha,WWR:ExperienceGroup,WWR=45;ExperienceGroup=Low,26,91,228,0.8659026656046352,0.7075506885322633,0.04685868906123167,0.7740596350446212,0.9577456961646493,0.721748778435585,0.71298396612537,Main retained fusion table. AOI-expanded rows must not be reported as scene-trial counts.
multimodal_retained,05_multimodal_fusion/analysis_master_long.csv,aoi_expanded_retained_row,eeg_P_alpha,WWR:ExperienceGroup,WWR=75;ExperienceGroup=High,16,60,150,0.9085966527231745,0.7095702589122639,0.05793616903298648,0.795041761418521,1.022151544027828,0.715990937039574,0.7079648627281421,Main retained fusion table. AOI-expanded rows must not be reported as scene-trial counts.
multimodal_retained,05_multimodal_fusion/analysis_master_long.csv,aoi_expanded_retained_row,eeg_P_alpha,WWR:ExperienceGroup,WWR=75;ExperienceGroup=Low,26,94,233,0.9292472673899326,0.794944900741575,0.052078572002956194,0.8271732662641385,1.0313212685157267,0.784995111441112,0.765663516663996,Main retained fusion table. AOI-expanded rows must not be reported as scene-trial counts.
multimodal_retained,05_multimodal_fusion/analysis_master_long.csv,aoi_expanded_retained_row,eeg_P_beta,overall,all,42,453,1130,1.5358272999134526,1.8160416055387683,0.05402397954176507,1.4299403000115931,1.641714299815312,0.916101554902599,1.3215004749856287,Main retained fusion table. AOI-expanded rows must not be reported as scene-trial counts.
multimodal_retained,05_multimodal_fusion/analysis_master_long.csv,aoi_expanded_retained_row,eeg_P_beta,WWR,WWR=15,42,150,375,1.4748993143168911,1.7164230843795227,0.08863570694463813,1.3011733287054004,1.648625299928382,0.897926089929374,1.2907000530198438,Main retained fusion table. AOI-expanded rows must not be reported as scene-trial counts.
multimodal_retained,05_multimodal_fusion/analysis_master_long.csv,aoi_expanded_retained_row,eeg_P_beta,WWR,WWR=45,42,149,372,1.6056845243477895,1.8961527898739454,0.09831094244638058,1.4129950771528836,1.7983739715426954,0.917213844433736,1.3860573544368497,Main retained fusion table. AOI-expanded rows must not be reported as scene-trial counts.
multimodal_retained,05_multimodal_fusion/analysis_master_long.csv,aoi_expanded_retained_row,eeg_P_beta,WWR,WWR=75,42,154,383,1.5276317571174665,1.8337161426836903,0.09369851786710837,1.343982662097934,1.7112808521369989,0.946799440436116,1.2890426033029976,Main retained fusion table. AOI-expanded rows must not be reported as scene-trial counts.
multimodal_retained,05_multimodal_fusion/analysis_master_long.csv,aoi_expanded_retained_row,eeg_P_beta,Complexity,Complexity=0,42,229,458,1.5586699860846729,2.0361316432959446,0.09514218351910965,1.372191306387218,1.7451486657821278,0.894682413484806,1.303281378533295,Main retained fusion table. AOI-expanded rows must not be reported as scene-trial counts.
multimodal_retained,05_multimodal_fusion/analysis_master_long.csv,aoi_expanded_retained_row,eeg_P_beta,Complexity,Complexity=1,42,224,672,1.5202589215408056,1.6507248647272266,0.06367809412328301,1.395449857059171,1.6450679860224402,0.9408356719570425,1.3376567397581773,Main retained fusion table. AOI-expanded rows must not be reported as scene-trial counts.
multimodal_retained,05_multimodal_fusion/analysis_master_long.csv,aoi_expanded_retained_row,eeg_P_beta,ExperienceGroup,ExperienceGroup=High,16,177,442,1.2289218060932199,0.7285386080202212,0.03465304774540535,1.1610018325122253,1.2968417796742144,0.979970601947846,0.941967347729188,Main retained fusion table. AOI-expanded rows must not be reported as scene-trial counts.
multimodal_retained,05_multimodal_fusion/analysis_master_long.csv,aoi_expanded_retained_row,eeg_P_beta,ExperienceGroup,ExperienceGroup=Low,26,276,688,1.7329962363502887,2.231507313954799,0.08507541876621443,1.5662484155685084,1.899744057132069,0.86964820692039,1.6179515858680928,Main retained fusion table. AOI-expanded rows must not be reported as scene-trial counts.
multimodal_retained,05_multimodal_fusion/analysis_master_long.csv,aoi_expanded_retained_row,eeg_P_beta,WWR:Complexity,WWR=15;Complexity=0,41,75,150,1.4592979588561141,1.8366309143406392,0.14996028619852952,1.1653757979069963,1.753220119805232,0.853644261755641,1.186168019481998,Main retained fusion table. AOI-expanded rows must not be reported as scene-trial counts.
multimodal_retained,05_multimodal_fusion/analysis_master_long.csv,aoi_expanded_retained_row,eeg_P_beta,WWR:Complexity,WWR=15;Complexity=1,42,75,225,1.48530021795741,1.6355084177469046,0.10903389451646031,1.2715937847051477,1.6990066512096722,0.961661800907324,1.367140495442539,Main retained fusion table. AOI-expanded rows must not be reported as scene-trial counts.
multimodal_retained,05_multimodal_fusion/analysis_master_long.csv,aoi_expanded_retained_row,eeg_P_beta,WWR:Complexity,WWR=45;Complexity=0,42,75,150,1.5731233077113727,1.762331690922843,0.14389378000990793,1.291091498891953,1.8551551165307922,0.912844134287345,1.4270367986360912,Main retained fusion table. AOI-expanded rows must not be reported as scene-trial counts.
multimodal_retained,05_multimodal_fusion/analysis_master_long.csv,aoi_expanded_retained_row,eeg_P_beta,WWR:Complexity,WWR=45;Complexity=1,41,74,222,1.627685346399422,1.985079033559751,0.13322978134520302,1.366554974962824,1.88881571783602,0.9248388649016546,1.2320252441092068,Main retained fusion table. AOI-expanded rows must not be reported as scene-trial counts.
multimodal_retained,05_multimodal_fusion/analysis_master_long.csv,aoi_expanded_retained_row,eeg_P_beta,WWR:Complexity,WWR=75;Complexity=0,42,79,158,1.639289010390236,2.42955646090368,0.19328513397881297,1.2604501477917625,2.0181278729887095,0.962496371875694,1.2371388924221198,Main retained fusion table. AOI-expanded rows must not be reported as scene-trial counts.
multimodal_retained,05_multimodal_fusion/analysis_master_long.csv,aoi_expanded_retained_row,eeg_P_beta,WWR:Complexity,WWR=75;Complexity=1,41,75,225,1.4492235525970323,1.257826713976816,0.08385511426512107,1.284867528637395,1.6135795765566696,0.946799440436116,1.326586327390051,Main retained fusion table. AOI-expanded rows must not be reported as scene-trial counts.
multimodal_retained,05_multimodal_fusion/analysis_master_long.csv,aoi_expanded_retained_row,eeg_P_beta,WWR:ExperienceGroup,WWR=15;ExperienceGroup=High,16,59,148,1.1480547500826257,0.6292475111342185,0.05172382679744103,1.0466760495596412,1.2494334506056102,0.914989265371462,0.8773179931344613,Main retained fusion table. AOI-expanded rows must not be reported as scene-trial counts.
multimodal_retained,05_multimodal_fusion/analysis_master_long.csv,aoi_expanded_retained_row,eeg_P_beta,WWR:ExperienceGroup,WWR=15;ExperienceGroup=Low,26,91,227,1.6879962108220516,2.121863510800339,0.1408330276151544,1.4119634766963491,1.9640289449477542,0.820723859496858,1.4943183904039459,Main retained fusion table. AOI-expanded rows must not be reported as scene-trial counts.
multimodal_retained,05_multimodal_fusion/analysis_master_long.csv,aoi_expanded_retained_row,eeg_P_beta,WWR:ExperienceGroup,WWR=45;ExperienceGroup=High,16,58,144,1.2117173358442999,0.7043525475275199,0.058696045627293324,1.0966730864148049,1.3267615852737948,0.950164814633361,1.0479438268111554,Main retained fusion table. AOI-expanded rows must not be reported as scene-trial counts.
multimodal_retained,05_multimodal_fusion/analysis_master_long.csv,aoi_expanded_retained_row,eeg_P_beta,WWR:ExperienceGroup,WWR=45;ExperienceGroup=Low,26,91,228,1.8545059065605196,2.3244357848648516,0.15393952044866885,1.5527844464811287,2.1562273666399108,0.879991140967337,1.8313221538269358,Main retained fusion table. AOI-expanded rows must not be reported as scene-trial counts.
multimodal_retained,05_multimodal_fusion/analysis_master_long.csv,aoi_expanded_retained_row,eeg_P_beta,WWR:ExperienceGroup,WWR=75;ExperienceGroup=High,16,60,150,1.3252269261293024,0.8294825182221089,0.06772696400676721,1.1924820766760387,1.457971775582566,1.018723858110305,0.861675151393334,Main retained fusion table. AOI-expanded rows must not be reported as scene-trial counts.
multimodal_retained,05_multimodal_fusion/analysis_master_long.csv,aoi_expanded_retained_row,eeg_P_beta,WWR:ExperienceGroup,WWR=75;ExperienceGroup=Low,26,94,233,1.6579352963802327,2.247471064930035,0.14723672492311404,1.3693513155309291,1.9465192772295363,0.879964398315808,1.4207607975273921,Main retained fusion table. AOI-expanded rows must not be reported as scene-trial counts.
multimodal_retained,05_multimodal_fusion/analysis_master_long.csv,aoi_expanded_retained_row,eeg_O_theta,overall,all,42,453,1130,1.6366612579022728,0.859337885916262,0.025563760338205933,1.586556287639389,1.6867662281651565,1.51064916461968,0.9710974968285477,Main retained fusion table. AOI-expanded rows must not be reported as scene-trial counts.
multimodal_retained,05_multimodal_fusion/analysis_master_long.csv,aoi_expanded_retained_row,eeg_O_theta,WWR,WWR=15,42,150,375,1.633953423060101,0.8779578641530711,0.045337549153822376,1.5450918267186091,1.7228150194015928,1.50843740714062,0.98017825585536,Main retained fusion table. AOI-expanded rows must not be reported as scene-trial counts.
multimodal_retained,05_multimodal_fusion/analysis_master_long.csv,aoi_expanded_retained_row,eeg_O_theta,WWR,WWR=45,42,149,372,1.6161204839455559,0.8244456385732958,0.042745515106584336,1.5323392743366506,1.699901693554461,1.47801625934302,0.9232843629135126,Main retained fusion table. AOI-expanded rows must not be reported as scene-trial counts.
multimodal_retained,05_multimodal_fusion/analysis_master_long.csv,aoi_expanded_retained_row,eeg_O_theta,WWR,WWR=75,42,154,383,1.6592633622827255,0.8756631074966643,0.044744294612177,1.5715645448428586,1.7469621797225925,1.54995234675892,0.9645578751627202,Main retained fusion table. AOI-expanded rows must not be reported as scene-trial counts.
multimodal_retained,05_multimodal_fusion/analysis_master_long.csv,aoi_expanded_retained_row,eeg_O_theta,Complexity,Complexity=0,42,229,458,1.6307408327849517,0.8459782871389241,0.03952996934808447,1.5532620928627061,1.7082195727071974,1.52224205907751,0.8492335723998199,Main retained fusion table. AOI-expanded rows must not be reported as scene-trial counts.
multimodal_retained,05_multimodal_fusion/analysis_master_long.csv,aoi_expanded_retained_row,eeg_O_theta,Complexity,Complexity=1,42,224,672,1.6406963095447327,0.8689294260608565,0.033519680330457005,1.5749977360970369,1.7063948829924285,1.49395891101462,0.9773241588255002,Main retained fusion table. AOI-expanded rows must not be reported as scene-trial counts.
multimodal_retained,05_multimodal_fusion/analysis_master_long.csv,aoi_expanded_retained_row,eeg_O_theta,ExperienceGroup,ExperienceGroup=High,16,177,442,1.517066485798328,0.8207491196972116,0.03903905451099644,1.440549938956775,1.593583032639881,1.28543526857172,0.8042572781268684,Main retained fusion table. AOI-expanded rows must not be reported as scene-trial counts.
multimodal_retained,05_multimodal_fusion/analysis_master_long.csv,aoi_expanded_retained_row,eeg_O_theta,ExperienceGroup,ExperienceGroup=Low,26,276,688,1.7134939457946328,0.875237025769869,0.033368098783016525,1.6480924721799204,1.7788954194093451,1.622469967374435,0.8950805309935699,Main retained fusion table. AOI-expanded rows must not be reported as scene-trial counts.
multimodal_retained,05_multimodal_fusion/analysis_master_long.csv,aoi_expanded_retained_row,eeg_O_theta,WWR:Complexity,WWR=15;Complexity=0,41,75,150,1.5253800705256582,0.730171559888871,0.05961825821399275,1.4085282844262323,1.642231856625084,1.42531718124579,0.8842269220408127,Main retained fusion table. AOI-expanded rows must not be reported as scene-trial counts.
multimodal_retained,05_multimodal_fusion/analysis_master_long.csv,aoi_expanded_retained_row,eeg_O_theta,WWR:Complexity,WWR=15;Complexity=1,42,75,225,1.706335658083062,0.9587391167558434,0.06391594111705623,1.5810604134936317,1.8316109026724923,1.53201525130716,0.9877107664110198,Main retained fusion table. AOI-expanded rows must not be reported as scene-trial counts.
multimodal_retained,05_multimodal_fusion/analysis_master_long.csv,aoi_expanded_retained_row,eeg_O_theta,WWR:Complexity,WWR=45;Complexity=0,42,75,150,1.64014031061378,0.8716824394219334,0.07117257314427483,1.5006420672510012,1.7796385539765587,1.53258086314589,0.9095984258565726,Main retained fusion table. AOI-expanded rows must not be reported as scene-trial counts.
multimodal_retained,05_multimodal_fusion/analysis_master_long.csv,aoi_expanded_retained_row,eeg_O_theta,WWR:Complexity,WWR=45;Complexity=1,41,74,222,1.5998908713318907,0.7925356179944412,0.0531915078989758,1.4956355158498982,1.7041462268138832,1.447981104565075,0.9671515857727702,Main retained fusion table. AOI-expanded rows must not be reported as scene-trial counts.
multimodal_retained,05_multimodal_fusion/analysis_master_long.csv,aoi_expanded_retained_row,eeg_O_theta,WWR:Complexity,WWR=75;Complexity=0,42,79,158,1.7218433180037482,0.9149207391877286,0.07278718585042408,1.579180433736917,1.8645062022705794,1.59992014014819,0.8500444329192502,Main retained fusion table. AOI-expanded rows must not be reported as scene-trial counts.
multimodal_retained,05_multimodal_fusion/analysis_master_long.csv,aoi_expanded_retained_row,eeg_O_theta,WWR:Complexity,WWR=75;Complexity=1,41,75,225,1.6153183267097408,0.8463086119956905,0.056420574133046034,1.5047340014089707,1.725902652010511,1.46303945865333,1.00212140142517,Main retained fusion table. AOI-expanded rows must not be reported as scene-trial counts.
multimodal_retained,05_multimodal_fusion/analysis_master_long.csv,aoi_expanded_retained_row,eeg_O_theta,WWR:ExperienceGroup,WWR=15;ExperienceGroup=High,16,59,148,1.5247476486612492,0.8764000829616049,0.07203964305660948,1.3835499482702946,1.6659453490522038,1.270482242712335,0.7906478438207863,Main retained fusion table. AOI-expanded rows must not be reported as scene-trial counts.
multimodal_retained,05_multimodal_fusion/analysis_master_long.csv,aoi_expanded_retained_row,eeg_O_theta,WWR:ExperienceGroup,WWR=15;ExperienceGroup=Low,26,91,227,1.7051536636373252,0.8735539395403132,0.05797981136128984,1.5915132333691973,1.8187940939054532,1.62035371283977,0.83533160582077,Main retained fusion table. AOI-expanded rows must not be reported as scene-trial counts.
multimodal_retained,05_multimodal_fusion/analysis_master_long.csv,aoi_expanded_retained_row,eeg_O_theta,WWR:ExperienceGroup,WWR=45;ExperienceGroup=High,16,58,144,1.4654404084155077,0.714638704621062,0.059553225385088504,1.3487160866607342,1.5821647301702813,1.27860160301104,0.7980812741229899,Main retained fusion table. AOI-expanded rows must not be reported as scene-trial counts.
multimodal_retained,05_multimodal_fusion/analysis_master_long.csv,aoi_expanded_retained_row,eeg_O_theta,WWR:ExperienceGroup,WWR=45;ExperienceGroup=Low,26,91,228,1.7112868474382177,0.875025399889665,0.057949972770382024,1.5977049008082689,1.8248687940681665,1.6432528059729852,0.9824405665137901,Main retained fusion table. AOI-expanded rows must not be reported as scene-trial counts.
multimodal_retained,05_multimodal_fusion/analysis_master_long.csv,aoi_expanded_retained_row,eeg_O_theta,WWR:ExperienceGroup,WWR=75;ExperienceGroup=High,16,60,150,1.5590487727277536,0.8610703841787722,0.0703061024620091,1.4212488119022157,1.6968487335532914,1.3211153253745551,0.8191927963999307,Main retained fusion table. AOI-expanded rows must not be reported as scene-trial counts.
multimodal_retained,05_multimodal_fusion/analysis_master_long.csv,aoi_expanded_retained_row,eeg_O_theta,WWR:ExperienceGroup,WWR=75;ExperienceGroup=Low,26,94,233,1.7237791924683303,0.8807350423797373,0.05769887105044864,1.610689405209451,1.8368689797272097,1.61981474456947,0.91954122599026,Main retained fusion table. AOI-expanded rows must not be reported as scene-trial counts.
multimodal_retained,05_multimodal_fusion/analysis_master_long.csv,aoi_expanded_retained_row,eeg_O_alpha,overall,all,42,453,1130,1.8605224529869855,1.991610022358446,0.05924682494878561,1.7443986760873658,1.9766462298866052,1.41645047927744,1.3587407275617487,Main retained fusion table. AOI-expanded rows must not be reported as scene-trial counts.
multimodal_retained,05_multimodal_fusion/analysis_master_long.csv,aoi_expanded_retained_row,eeg_O_alpha,WWR,WWR=15,42,150,375,1.6855530441088862,1.3514905480925492,0.0697906718042557,1.548763327372545,1.8223427608452274,1.20403701129876,1.319272060308304,Main retained fusion table. AOI-expanded rows must not be reported as scene-trial counts.
multimodal_retained,05_multimodal_fusion/analysis_master_long.csv,aoi_expanded_retained_row,eeg_O_alpha,WWR,WWR=45,42,149,372,1.8660227365860482,1.9517610557273966,0.1011940967222684,1.667682307010402,2.0643631661616944,1.3692382725371,1.4765692211006212,Main retained fusion table. AOI-expanded rows must not be reported as scene-trial counts.
multimodal_retained,05_multimodal_fusion/analysis_master_long.csv,aoi_expanded_retained_row,eeg_O_alpha,WWR,WWR=75,42,154,383,2.0264948363562696,2.485429041947624,0.12699949140085126,1.777575833210601,2.275413839501938,1.50706627128545,1.2733569880194266,Main retained fusion table. AOI-expanded rows must not be reported as scene-trial counts.
multimodal_retained,05_multimodal_fusion/analysis_master_long.csv,aoi_expanded_retained_row,eeg_O_alpha,Complexity,Complexity=0,42,229,458,1.6964123412782526,1.7731420099313313,0.08285348497469897,1.5340195107278427,1.8588051718286625,1.30264921983948,1.294215693880449,Main retained fusion table. AOI-expanded rows must not be reported as scene-trial counts.
multimodal_retained,05_multimodal_fusion/analysis_master_long.csv,aoi_expanded_retained_row,eeg_O_alpha,Complexity,Complexity=1,42,224,672,1.9723713088837107,2.121715729355854,0.08184696117671786,1.8119512649773437,2.1327913527900777,1.4663779643062052,1.57713787890092,Main retained fusion table. AOI-expanded rows must not be reported as scene-trial counts.
multimodal_retained,05_multimodal_fusion/analysis_master_long.csv,aoi_expanded_retained_row,eeg_O_alpha,ExperienceGroup,ExperienceGroup=High,16,177,442,1.9729984652778256,2.7607143577639963,0.13131379092042092,1.7156234350738007,2.230373495481851,1.12457890300713,1.2295748631631944,Main retained fusion table. AOI-expanded rows must not be reported as scene-trial counts.
multimodal_retained,05_multimodal_fusion/analysis_master_long.csv,aoi_expanded_retained_row,eeg_O_alpha,ExperienceGroup,ExperienceGroup=Low,26,276,688,1.7882631543931609,1.2699101551765364,0.04841487077881949,1.6933700076666747,1.883156301119647,1.55020477468589,1.246686486076876,Main retained fusion table. AOI-expanded rows must not be reported as scene-trial counts.
multimodal_retained,05_multimodal_fusion/analysis_master_long.csv,aoi_expanded_retained_row,eeg_O_alpha,WWR:Complexity,WWR=15;Complexity=0,41,75,150,1.4530351982277399,1.0844247039722898,0.0885429063066936,1.2794911018666204,1.6265792945888593,1.09423454155782,1.2523171523536112,Main retained fusion table. AOI-expanded rows must not be reported as scene-trial counts.
multimodal_retained,05_multimodal_fusion/analysis_master_long.csv,aoi_expanded_retained_row,eeg_O_alpha,WWR:Complexity,WWR=15;Complexity=1,42,75,225,1.8405649413629843,1.4856219918229405,0.09904146612152936,1.6464436677647867,2.034686214961182,1.45630329652422,1.632135487841246,Main retained fusion table. AOI-expanded rows must not be reported as scene-trial counts.
multimodal_retained,05_multimodal_fusion/analysis_master_long.csv,aoi_expanded_retained_row,eeg_O_alpha,WWR:Complexity,WWR=45;Complexity=0,42,75,150,1.6843022710655937,1.3177865548486323,0.10759682164264356,1.4734125006460124,1.895192041485175,1.32774173311515,1.2362332165407466,Main retained fusion table. AOI-expanded rows must not be reported as scene-trial counts.
multimodal_retained,05_multimodal_fusion/analysis_master_long.csv,aoi_expanded_retained_row,eeg_O_alpha,WWR:Complexity,WWR=45;Complexity=1,41,74,222,1.988806834910679,2.2774011407381107,0.15284915657577094,1.6892224880221678,2.2883911817991898,1.4372558193095002,1.579716749686034,Main retained fusion table. AOI-expanded rows must not be reported as scene-trial counts.
multimodal_retained,05_multimodal_fusion/analysis_master_long.csv,aoi_expanded_retained_row,eeg_O_alpha,WWR:Complexity,WWR=75;Complexity=0,42,79,158,1.938963493110378,2.5043306548892366,0.19923384944817085,1.5484651481919633,2.329461838028793,1.49941508443008,1.0069069927540368,Main retained fusion table. AOI-expanded rows must not be reported as scene-trial counts.
multimodal_retained,05_multimodal_fusion/analysis_master_long.csv,aoi_expanded_retained_row,eeg_O_alpha,WWR:Complexity,WWR=75;Complexity=1,41,75,225,2.0879612907244947,2.475809240571865,0.16505394937145768,1.7644555499564376,2.4114670314925517,1.5141753627428,1.5424537784765309,Main retained fusion table. AOI-expanded rows must not be reported as scene-trial counts.
multimodal_retained,05_multimodal_fusion/analysis_master_long.csv,aoi_expanded_retained_row,eeg_O_alpha,WWR:ExperienceGroup,WWR=15;ExperienceGroup=High,16,59,148,1.5625059268410233,1.2949134242584297,0.10644122779809917,1.353881120356749,1.7711307333252977,0.971196108213573,1.352100575775558,Main retained fusion table. AOI-expanded rows must not be reported as scene-trial counts.
multimodal_retained,05_multimodal_fusion/analysis_master_long.csv,aoi_expanded_retained_row,eeg_O_alpha,WWR:ExperienceGroup,WWR=15;ExperienceGroup=Low,26,91,227,1.7657775963363913,1.384058251938204,0.09186317264236932,1.5857257779573475,1.9458294147154351,1.49907523833747,1.194354880105572,Main retained fusion table. AOI-expanded rows must not be reported as scene-trial counts.
multimodal_retained,05_multimodal_fusion/analysis_master_long.csv,aoi_expanded_retained_row,eeg_O_alpha,WWR:ExperienceGroup,WWR=45;ExperienceGroup=High,16,58,144,2.0035480061900603,2.785978450671108,0.232164870889259,1.5485048592471127,2.458591153133008,1.12933514060928,1.417567235781528,Main retained fusion table. AOI-expanded rows must not be reported as scene-trial counts.
multimodal_retained,05_multimodal_fusion/analysis_master_long.csv,aoi_expanded_retained_row,eeg_O_alpha,WWR:ExperienceGroup,WWR=45;ExperienceGroup=Low,26,91,228,1.7791646715729876,1.147518790372744,0.07599628840944192,1.6302119462904814,1.9281173968554939,1.55020477468589,1.3312666498921824,Main retained fusion table. AOI-expanded rows must not be reported as scene-trial counts.
multimodal_retained,05_multimodal_fusion/analysis_master_long.csv,aoi_expanded_retained_row,eeg_O_alpha,WWR:ExperienceGroup,WWR=75;ExperienceGroup=High,16,60,150,2.348690210593057,3.6254569567633865,0.2960173209497944,1.7684962615314603,2.928884159654654,1.2811957559418201,1.0540842855254229,Main retained fusion table. AOI-expanded rows must not be reported as scene-trial counts.
multimodal_retained,05_multimodal_fusion/analysis_master_long.csv,aoi_expanded_retained_row,eeg_O_alpha,WWR:ExperienceGroup,WWR=75;ExperienceGroup=Low,26,94,233,1.819072921611556,1.2725682589011416,0.08336871855902911,1.6556702332358588,1.9824756099872531,1.58845392438083,1.1924146951213699,Main retained fusion table. AOI-expanded rows must not be reported as scene-trial counts.
multimodal_retained,05_multimodal_fusion/analysis_master_long.csv,aoi_expanded_retained_row,eeg_O_beta,overall,all,42,453,1130,3.782409978799487,4.827084108634015,0.14359709179342164,3.5009596788843806,4.063860278714594,2.36408663293787,2.8424363300528004,Main retained fusion table. AOI-expanded rows must not be reported as scene-trial counts.
multimodal_retained,05_multimodal_fusion/analysis_master_long.csv,aoi_expanded_retained_row,eeg_O_beta,WWR,WWR=15,42,150,375,3.757029126173134,5.005826434590745,0.25849976553566406,3.250369585723232,4.263688666623035,2.10279252617295,2.92713146213697,Main retained fusion table. AOI-expanded rows must not be reported as scene-trial counts.
multimodal_retained,05_multimodal_fusion/analysis_master_long.csv,aoi_expanded_retained_row,eeg_O_beta,WWR,WWR=45,42,149,372,3.9110549688554674,4.686657100267329,0.24299185113712937,3.434790940626694,4.3873189970842414,2.35704190921369,2.824120285512513,Main retained fusion table. AOI-expanded rows must not be reported as scene-trial counts.
multimodal_retained,05_multimodal_fusion/analysis_master_long.csv,aoi_expanded_retained_row,eeg_O_beta,WWR,WWR=75,42,154,383,3.682310457739587,4.792984995125595,0.24491009254316487,3.2022866763549835,4.16233423912419,2.48013448452249,2.7901922856756354,Main retained fusion table. AOI-expanded rows must not be reported as scene-trial counts.
multimodal_retained,05_multimodal_fusion/analysis_master_long.csv,aoi_expanded_retained_row,eeg_O_beta,Complexity,Complexity=0,42,229,458,3.816280976547023,5.363933620553033,0.25064015806211964,3.325026266745269,4.3075356863487775,2.25561055765794,2.8359607178279704,Main retained fusion table. AOI-expanded rows must not be reported as scene-trial counts.
multimodal_retained,05_multimodal_fusion/analysis_master_long.csv,aoi_expanded_retained_row,eeg_O_beta,Complexity,Complexity=1,42,224,672,3.7593252809298874,4.428088739882373,0.17081723162331708,3.424523506948186,4.0941270549115885,2.4223207210389353,2.8539231272261727,Main retained fusion table. AOI-expanded rows must not be reported as scene-trial counts.
multimodal_retained,05_multimodal_fusion/analysis_master_long.csv,aoi_expanded_retained_row,eeg_O_beta,ExperienceGroup,ExperienceGroup=High,16,177,442,2.6518528529471443,1.6014034291087897,0.07617099337997263,2.502557705922398,2.801147999971891,2.08459396208222,2.3050562793777822,Main retained fusion table. AOI-expanded rows must not be reported as scene-trial counts.
multimodal_retained,05_multimodal_fusion/analysis_master_long.csv,aoi_expanded_retained_row,eeg_O_beta,ExperienceGroup,ExperienceGroup=Low,26,276,688,4.508727202094161,5.940964231867573,0.22649713793923645,4.064792811733258,4.9526615924550645,2.494269358496675,3.3316523522880317,Main retained fusion table. AOI-expanded rows must not be reported as scene-trial counts.
multimodal_retained,05_multimodal_fusion/analysis_master_long.csv,aoi_expanded_retained_row,eeg_O_beta,WWR:Complexity,WWR=15;Complexity=0,41,75,150,3.57719171857776,4.980755464208195,0.406676980696308,2.7801048364129963,4.374278600742524,1.89205173597521,2.4917249754010724,Main retained fusion table. AOI-expanded rows must not be reported as scene-trial counts.
multimodal_retained,05_multimodal_fusion/analysis_master_long.csv,aoi_expanded_retained_row,eeg_O_beta,WWR:Complexity,WWR=15;Complexity=1,42,75,225,3.8769207312367167,5.029971494274602,0.33533143295164014,3.2196711226515022,4.534170339821931,2.43879866821006,2.8545052498717403,Main retained fusion table. AOI-expanded rows must not be reported as scene-trial counts.
multimodal_retained,05_multimodal_fusion/analysis_master_long.csv,aoi_expanded_retained_row,eeg_O_beta,WWR:Complexity,WWR=45;Complexity=0,42,75,150,3.9779131946667303,4.996163411929205,0.4079350343596398,3.1783605273218365,4.777465862011624,2.49572024659849,2.79965081555603,Main retained fusion table. AOI-expanded rows must not be reported as scene-trial counts.
multimodal_retained,05_multimodal_fusion/analysis_master_long.csv,aoi_expanded_retained_row,eeg_O_beta,WWR:Complexity,WWR=45;Complexity=1,41,74,222,3.865880491955966,4.476441499713344,0.3004390818343959,3.27701989156055,4.454741092351382,2.2198269893201648,2.7578762070546397,Main retained fusion table. AOI-expanded rows must not be reported as scene-trial counts.
multimodal_retained,05_multimodal_fusion/analysis_master_long.csv,aoi_expanded_retained_row,eeg_O_beta,WWR:Complexity,WWR=75;Complexity=0,42,79,158,3.88981614096116,6.03582250246108,0.48018425578246954,2.9486549996275198,4.8309772822948,2.50840423247086,2.6666487744230123,Main retained fusion table. AOI-expanded rows must not be reported as scene-trial counts.
multimodal_retained,05_multimodal_fusion/analysis_master_long.csv,aoi_expanded_retained_row,eeg_O_beta,WWR:Complexity,WWR=75;Complexity=1,41,75,225,3.536595355743993,3.6865474839321815,0.24576983226214544,3.054886484510188,4.018304226977798,2.48013448452249,2.8482523829612405,Main retained fusion table. AOI-expanded rows must not be reported as scene-trial counts.
multimodal_retained,05_multimodal_fusion/analysis_master_long.csv,aoi_expanded_retained_row,eeg_O_beta,WWR:ExperienceGroup,WWR=15;ExperienceGroup=High,16,59,148,2.5594495769795214,1.7512294165119664,0.14395017130695953,2.2773072412178808,2.841591912741162,1.838140295237055,1.7908206119828225,Main retained fusion table. AOI-expanded rows must not be reported as scene-trial counts.
multimodal_retained,05_multimodal_fusion/analysis_master_long.csv,aoi_expanded_retained_row,eeg_O_beta,WWR:ExperienceGroup,WWR=15;ExperienceGroup=Low,26,91,227,4.537829889524035,6.15806962839159,0.40872543668192746,3.7367280336274575,5.338931745420613,2.42229858506928,3.22248551872032,Main retained fusion table. AOI-expanded rows must not be reported as scene-trial counts.
multimodal_retained,05_multimodal_fusion/analysis_master_long.csv,aoi_expanded_retained_row,eeg_O_beta,WWR:ExperienceGroup,WWR=45;ExperienceGroup=High,16,58,144,2.682357504209733,1.559561198770903,0.1299634332309086,2.4276291750771524,2.937085833342314,2.21813453902133,2.58829772355027,Main retained fusion table. AOI-expanded rows must not be reported as scene-trial counts.
multimodal_retained,05_multimodal_fusion/analysis_master_long.csv,aoi_expanded_retained_row,eeg_O_beta,WWR:ExperienceGroup,WWR=45;ExperienceGroup=Low,26,91,228,4.687074420210668,5.727442065952163,0.3793091169784551,3.943628550932896,5.43052028948844,2.8246294127025102,3.3553738236824646,Main retained fusion table. AOI-expanded rows must not be reported as scene-trial counts.
multimodal_retained,05_multimodal_fusion/analysis_master_long.csv,aoi_expanded_retained_row,eeg_O_beta,WWR:ExperienceGroup,WWR=75;ExperienceGroup=High,16,60,150,2.7137396200231145,1.48897493695232,0.12157429451086457,2.47545400278182,2.952025237264409,2.25996797291025,2.314369235539055,Main retained fusion table. AOI-expanded rows must not be reported as scene-trial counts.
multimodal_retained,05_multimodal_fusion/analysis_master_long.csv,aoi_expanded_retained_row,eeg_O_beta,WWR:ExperienceGroup,WWR=75;ExperienceGroup=Low,26,94,233,4.3058539154969715,5.950196368410074,0.3898103248601241,3.5418256787711284,5.069882152222815,2.74858821448691,3.3193433278049804,Main retained fusion table. AOI-expanded rows must not be reported as scene-trial counts.
robustness,06_robustness/nonlinear_wwr_sensitivity.csv,diagnostic,q_S1,WWR45_peak_index,exploratory_only_three_levels,0,0,1,-0.2300731070496082,,,,,,,WWR45 minus mean of WWR15 and WWR75; diagnostic only.
robustness,06_robustness/nonlinear_wwr_sensitivity.csv,diagnostic,q_S2,WWR45_peak_index,exploratory_only_three_levels,0,0,1,-0.2411899828743084,,,,,,,WWR45 minus mean of WWR15 and WWR75; diagnostic only.
robustness,06_robustness/nonlinear_wwr_sensitivity.csv,diagnostic,q_S3,WWR45_peak_index,exploratory_only_three_levels,0,0,1,0.2037119514865653,,,,,,,WWR45 minus mean of WWR15 and WWR75; diagnostic only.
robustness,06_robustness/nonlinear_wwr_sensitivity.csv,diagnostic,q_S4,WWR45_peak_index,exploratory_only_three_levels,0,0,1,-0.3791437715825827,,,,,,,WWR45 minus mean of WWR15 and WWR75; diagnostic only.
robustness,06_robustness/nonlinear_wwr_sensitivity.csv,diagnostic,q_S5,WWR45_peak_index,exploratory_only_three_levels,0,0,1,-0.3953320980375636,,,,,,,WWR45 minus mean of WWR15 and WWR75; diagnostic only.
robustness,06_robustness/nonlinear_wwr_sensitivity.csv,diagnostic,q_SupplementFlag,WWR45_peak_index,exploratory_only_three_levels,0,0,1,0.0,,,,,,,WWR45 minus mean of WWR15 and WWR75; diagnostic only.
robustness,06_robustness/nonlinear_wwr_sensitivity.csv,diagnostic,q_S5_7,WWR45_peak_index,exploratory_only_three_levels,0,0,1,-0.2964990735281727,,,,,,,WWR45 minus mean of WWR15 and WWR75; diagnostic only.
robustness,06_robustness/nonlinear_wwr_sensitivity.csv,diagnostic,eeg_F_theta,WWR45_peak_index,exploratory_only_three_levels,0,0,1,-0.0180067154998209,,,,,,,WWR45 minus mean of WWR15 and WWR75; diagnostic only.
robustness,06_robustness/nonlinear_wwr_sensitivity.csv,diagnostic,eeg_F_alpha,WWR45_peak_index,exploratory_only_three_levels,0,0,1,0.1517195535139919,,,,,,,WWR45 minus mean of WWR15 and WWR75; diagnostic only.
robustness,06_robustness/nonlinear_wwr_sensitivity.csv,diagnostic,eeg_F_beta,WWR45_peak_index,exploratory_only_three_levels,0,0,1,1.0655579147745922,,,,,,,WWR45 minus mean of WWR15 and WWR75; diagnostic only.
robustness,06_robustness/nonlinear_wwr_sensitivity.csv,diagnostic,eeg_F_low_beta,WWR45_peak_index,exploratory_only_three_levels,0,0,1,0.2391750625671562,,,,,,,WWR45 minus mean of WWR15 and WWR75; diagnostic only.
robustness,06_robustness/nonlinear_wwr_sensitivity.csv,diagnostic,eeg_F_high_beta,WWR45_peak_index,exploratory_only_three_levels,0,0,1,0.7969105677218948,,,,,,,WWR45 minus mean of WWR15 and WWR75; diagnostic only.
robustness,06_robustness/nonlinear_wwr_sensitivity.csv,diagnostic,eeg_P_theta,WWR45_peak_index,exploratory_only_three_levels,0,0,1,-0.008484886306193,,,,,,,WWR45 minus mean of WWR15 and WWR75; diagnostic only.
robustness,06_robustness/nonlinear_wwr_sensitivity.csv,diagnostic,eeg_P_alpha,WWR45_peak_index,exploratory_only_three_levels,0,0,1,-0.0249187548787083,,,,,,,WWR45 minus mean of WWR15 and WWR75; diagnostic only.
robustness,06_robustness/nonlinear_wwr_sensitivity.csv,diagnostic,eeg_P_beta,WWR45_peak_index,exploratory_only_three_levels,0,0,1,0.1044189886306103,,,,,,,WWR45 minus mean of WWR15 and WWR75; diagnostic only.
robustness,06_robustness/nonlinear_wwr_sensitivity.csv,diagnostic,eeg_P_low_beta,WWR45_peak_index,exploratory_only_three_levels,0,0,1,0.0257501468786625,,,,,,,WWR45 minus mean of WWR15 and WWR75; diagnostic only.
robustness,06_robustness/nonlinear_wwr_sensitivity.csv,diagnostic,eeg_P_high_beta,WWR45_peak_index,exploratory_only_three_levels,0,0,1,0.0760853825391486,,,,,,,WWR45 minus mean of WWR15 and WWR75; diagnostic only.
robustness,06_robustness/nonlinear_wwr_sensitivity.csv,diagnostic,eeg_O_theta,WWR45_peak_index,exploratory_only_three_levels,0,0,1,-0.0304879087258571,,,,,,,WWR45 minus mean of WWR15 and WWR75; diagnostic only.
robustness,06_robustness/nonlinear_wwr_sensitivity.csv,diagnostic,eeg_O_alpha,WWR45_peak_index,exploratory_only_three_levels,0,0,1,0.00999879635347,,,,,,,WWR45 minus mean of WWR15 and WWR75; diagnostic only.
robustness,06_robustness/nonlinear_wwr_sensitivity.csv,diagnostic,eeg_O_beta,WWR45_peak_index,exploratory_only_three_levels,0,0,1,0.1913851768991077,,,,,,,WWR45 minus mean of WWR15 and WWR75; diagnostic only.
robustness,06_robustness/nonlinear_wwr_sensitivity.csv,diagnostic,eeg_O_low_beta,WWR45_peak_index,exploratory_only_three_levels,0,0,1,0.0666487750593605,,,,,,,WWR45 minus mean of WWR15 and WWR75; diagnostic only.
robustness,06_robustness/nonlinear_wwr_sensitivity.csv,diagnostic,eeg_O_high_beta,WWR45_peak_index,exploratory_only_three_levels,0,0,1,0.1199969222407366,,,,,,,WWR45 minus mean of WWR15 and WWR75; diagnostic only.
robustness,06_robustness/nonlinear_wwr_sensitivity.csv,diagnostic,TFD_ms,WWR45_peak_index,exploratory_only_three_levels,0,0,1,-1163.4551361751685,,,,,,,WWR45 minus mean of WWR15 and WWR75; diagnostic only.
robustness,06_robustness/nonlinear_wwr_sensitivity.csv,diagnostic,TFD,WWR45_peak_index,exploratory_only_three_levels,0,0,1,-1163.4551361751685,,,,,,,WWR45 minus mean of WWR15 and WWR75; diagnostic only.
robustness,06_robustness/nonlinear_wwr_sensitivity.csv,diagnostic,TTFF_ms,WWR45_peak_index,exploratory_only_three_levels,0,0,1,1470.7048581614154,,,,,,,WWR45 minus mean of WWR15 and WWR75; diagnostic only.
robustness,06_robustness/nonlinear_wwr_sensitivity.csv,diagnostic,TTFF,WWR45_peak_index,exploratory_only_three_levels,0,0,1,1470.7048581614154,,,,,,,WWR45 minus mean of WWR15 and WWR75; diagnostic only.
robustness,06_robustness/nonlinear_wwr_sensitivity.csv,diagnostic,attention_share,WWR45_peak_index,exploratory_only_three_levels,0,0,1,-0.0230499101401112,,,,,,,WWR45 minus mean of WWR15 and WWR75; diagnostic only.
robustness,06_robustness/nonlinear_wwr_sensitivity.csv,diagnostic,FCR,WWR45_peak_index,exploratory_only_three_levels,0,0,1,-0.012002970308213,,,,,,,WWR45 minus mean of WWR15 and WWR75; diagnostic only.
robustness,06_robustness/nonlinear_wwr_sensitivity.csv,diagnostic,TFD_total_trial,WWR45_peak_index,exploratory_only_three_levels,0,0,1,-8.87900895588973,,,,,,,WWR45 minus mean of WWR15 and WWR75; diagnostic only.
robustness,06_robustness/nonlinear_wwr_sensitivity.csv,diagnostic,ttff_source,WWR45_peak_index,insufficient_wwr_granularity,0,0,1,,,,,,,,WWR45 minus mean of WWR15 and WWR75; diagnostic only.
robustness,06_robustness/order_fatigue_effects.csv,diagnostic,q_S1,order_fatigue,position,0,1130,1,0.066563364823556,,,,,,,Correlation diagnostic for order/fatigue; not a primary effect estimate.
robustness,06_robustness/order_fatigue_effects.csv,diagnostic,q_S1,order_fatigue,block,0,1130,1,0.0102845793560544,,,,,,,Correlation diagnostic for order/fatigue; not a primary effect estimate.
robustness,06_robustness/order_fatigue_effects.csv,diagnostic,q_S1,order_fatigue,round,0,0,1,,,,,,,,Correlation diagnostic for order/fatigue; not a primary effect estimate.
robustness,06_robustness/order_fatigue_effects.csv,diagnostic,q_S2,order_fatigue,position,0,1130,1,-0.0355972714035468,,,,,,,Correlation diagnostic for order/fatigue; not a primary effect estimate.
robustness,06_robustness/order_fatigue_effects.csv,diagnostic,q_S2,order_fatigue,block,0,1130,1,-0.0519850965118988,,,,,,,Correlation diagnostic for order/fatigue; not a primary effect estimate.
robustness,06_robustness/order_fatigue_effects.csv,diagnostic,q_S2,order_fatigue,round,0,0,1,,,,,,,,Correlation diagnostic for order/fatigue; not a primary effect estimate.
robustness,06_robustness/order_fatigue_effects.csv,diagnostic,q_S3,order_fatigue,position,0,1130,1,-0.0400301469266895,,,,,,,Correlation diagnostic for order/fatigue; not a primary effect estimate.
robustness,06_robustness/order_fatigue_effects.csv,diagnostic,q_S3,order_fatigue,block,0,1130,1,0.0180617938827017,,,,,,,Correlation diagnostic for order/fatigue; not a primary effect estimate.
robustness,06_robustness/order_fatigue_effects.csv,diagnostic,q_S3,order_fatigue,round,0,0,1,,,,,,,,Correlation diagnostic for order/fatigue; not a primary effect estimate.
robustness,06_robustness/order_fatigue_effects.csv,diagnostic,q_S4,order_fatigue,position,0,1130,1,0.0259277199891935,,,,,,,Correlation diagnostic for order/fatigue; not a primary effect estimate.
robustness,06_robustness/order_fatigue_effects.csv,diagnostic,q_S4,order_fatigue,block,0,1130,1,0.0434715406488182,,,,,,,Correlation diagnostic for order/fatigue; not a primary effect estimate.
robustness,06_robustness/order_fatigue_effects.csv,diagnostic,q_S4,order_fatigue,round,0,0,1,,,,,,,,Correlation diagnostic for order/fatigue; not a primary effect estimate.
robustness,06_robustness/order_fatigue_effects.csv,diagnostic,q_S5,order_fatigue,position,0,1130,1,-0.0115968753540183,,,,,,,Correlation diagnostic for order/fatigue; not a primary effect estimate.
robustness,06_robustness/order_fatigue_effects.csv,diagnostic,q_S5,order_fatigue,block,0,1130,1,-0.013391354056129,,,,,,,Correlation diagnostic for order/fatigue; not a primary effect estimate.
robustness,06_robustness/order_fatigue_effects.csv,diagnostic,q_S5,order_fatigue,round,0,0,1,,,,,,,,Correlation diagnostic for order/fatigue; not a primary effect estimate.
robustness,06_robustness/order_fatigue_effects.csv,diagnostic,q_SupplementFlag,order_fatigue,position,0,1130,1,,,,,,,,Correlation diagnostic for order/fatigue; not a primary effect estimate.
robustness,06_robustness/order_fatigue_effects.csv,diagnostic,q_SupplementFlag,order_fatigue,block,0,1130,1,,,,,,,,Correlation diagnostic for order/fatigue; not a primary effect estimate.
robustness,06_robustness/order_fatigue_effects.csv,diagnostic,q_SupplementFlag,order_fatigue,round,0,0,1,,,,,,,,Correlation diagnostic for order/fatigue; not a primary effect estimate.
robustness,06_robustness/order_fatigue_effects.csv,diagnostic,q_S5_7,order_fatigue,position,0,1130,1,-0.0115968753540183,,,,,,,Correlation diagnostic for order/fatigue; not a primary effect estimate.
robustness,06_robustness/order_fatigue_effects.csv,diagnostic,q_S5_7,order_fatigue,block,0,1130,1,-0.0133913540561289,,,,,,,Correlation diagnostic for order/fatigue; not a primary effect estimate.
robustness,06_robustness/order_fatigue_effects.csv,diagnostic,q_S5_7,order_fatigue,round,0,0,1,,,,,,,,Correlation diagnostic for order/fatigue; not a primary effect estimate.
robustness,06_robustness/order_fatigue_effects.csv,diagnostic,eeg_F_theta,order_fatigue,position,0,1130,1,0.0246028523083881,,,,,,,Correlation diagnostic for order/fatigue; not a primary effect estimate.
robustness,06_robustness/order_fatigue_effects.csv,diagnostic,eeg_F_theta,order_fatigue,block,0,1130,1,-0.0491883904828143,,,,,,,Correlation diagnostic for order/fatigue; not a primary effect estimate.
robustness,06_robustness/order_fatigue_effects.csv,diagnostic,eeg_F_theta,order_fatigue,round,0,0,1,,,,,,,,Correlation diagnostic for order/fatigue; not a primary effect estimate.
robustness,06_robustness/order_fatigue_effects.csv,diagnostic,eeg_F_alpha,order_fatigue,position,0,1130,1,0.1245264999931859,,,,,,,Correlation diagnostic for order/fatigue; not a primary effect estimate.
robustness,06_robustness/order_fatigue_effects.csv,diagnostic,eeg_F_alpha,order_fatigue,block,0,1130,1,0.2142974837129898,,,,,,,Correlation diagnostic for order/fatigue; not a primary effect estimate.
robustness,06_robustness/order_fatigue_effects.csv,diagnostic,eeg_F_alpha,order_fatigue,round,0,0,1,,,,,,,,Correlation diagnostic for order/fatigue; not a primary effect estimate.
robustness,06_robustness/order_fatigue_effects.csv,diagnostic,eeg_F_beta,order_fatigue,position,0,1130,1,0.0329727575358496,,,,,,,Correlation diagnostic for order/fatigue; not a primary effect estimate.
robustness,06_robustness/order_fatigue_effects.csv,diagnostic,eeg_F_beta,order_fatigue,block,0,1130,1,0.0482895540511383,,,,,,,Correlation diagnostic for order/fatigue; not a primary effect estimate.
robustness,06_robustness/order_fatigue_effects.csv,diagnostic,eeg_F_beta,order_fatigue,round,0,0,1,,,,,,,,Correlation diagnostic for order/fatigue; not a primary effect estimate.
robustness,06_robustness/order_fatigue_effects.csv,diagnostic,eeg_F_low_beta,order_fatigue,position,0,1130,1,0.037031457689679,,,,,,,Correlation diagnostic for order/fatigue; not a primary effect estimate.
robustness,06_robustness/order_fatigue_effects.csv,diagnostic,eeg_F_low_beta,order_fatigue,block,0,1130,1,0.0384578615088853,,,,,,,Correlation diagnostic for order/fatigue; not a primary effect estimate.
robustness,06_robustness/order_fatigue_effects.csv,diagnostic,eeg_F_low_beta,order_fatigue,round,0,0,1,,,,,,,,Correlation diagnostic for order/fatigue; not a primary effect estimate.
robustness,06_robustness/order_fatigue_effects.csv,diagnostic,eeg_F_high_beta,order_fatigue,position,0,1130,1,0.0311324894457348,,,,,,,Correlation diagnostic for order/fatigue; not a primary effect estimate.
robustness,06_robustness/order_fatigue_effects.csv,diagnostic,eeg_F_high_beta,order_fatigue,block,0,1130,1,0.0512737707037006,,,,,,,Correlation diagnostic for order/fatigue; not a primary effect estimate.
robustness,06_robustness/order_fatigue_effects.csv,diagnostic,eeg_F_high_beta,order_fatigue,round,0,0,1,,,,,,,,Correlation diagnostic for order/fatigue; not a primary effect estimate.
robustness,06_robustness/order_fatigue_effects.csv,diagnostic,eeg_P_theta,order_fatigue,position,0,1130,1,0.0187707214570818,,,,,,,Correlation diagnostic for order/fatigue; not a primary effect estimate.
robustness,06_robustness/order_fatigue_effects.csv,diagnostic,eeg_P_theta,order_fatigue,block,0,1130,1,-0.012069902550841,,,,,,,Correlation diagnostic for order/fatigue; not a primary effect estimate.
robustness,06_robustness/order_fatigue_effects.csv,diagnostic,eeg_P_theta,order_fatigue,round,0,0,1,,,,,,,,Correlation diagnostic for order/fatigue; not a primary effect estimate.
robustness,06_robustness/order_fatigue_effects.csv,diagnostic,eeg_P_alpha,order_fatigue,position,0,1130,1,0.0977049769652692,,,,,,,Correlation diagnostic for order/fatigue; not a primary effect estimate.
robustness,06_robustness/order_fatigue_effects.csv,diagnostic,eeg_P_alpha,order_fatigue,block,0,1130,1,0.1896617771262733,,,,,,,Correlation diagnostic for order/fatigue; not a primary effect estimate.
robustness,06_robustness/order_fatigue_effects.csv,diagnostic,eeg_P_alpha,order_fatigue,round,0,0,1,,,,,,,,Correlation diagnostic for order/fatigue; not a primary effect estimate.
robustness,06_robustness/order_fatigue_effects.csv,diagnostic,eeg_P_beta,order_fatigue,position,0,1130,1,-0.0033930248740207,,,,,,,Correlation diagnostic for order/fatigue; not a primary effect estimate.
robustness,06_robustness/order_fatigue_effects.csv,diagnostic,eeg_P_beta,order_fatigue,block,0,1130,1,0.046719496442599,,,,,,,Correlation diagnostic for order/fatigue; not a primary effect estimate.
robustness,06_robustness/order_fatigue_effects.csv,diagnostic,eeg_P_beta,order_fatigue,round,0,0,1,,,,,,,,Correlation diagnostic for order/fatigue; not a primary effect estimate.
robustness,06_robustness/order_fatigue_effects.csv,diagnostic,eeg_P_low_beta,order_fatigue,position,0,1130,1,0.0223901617497719,,,,,,,Correlation diagnostic for order/fatigue; not a primary effect estimate.
robustness,06_robustness/order_fatigue_effects.csv,diagnostic,eeg_P_low_beta,order_fatigue,block,0,1130,1,0.0419355404897891,,,,,,,Correlation diagnostic for order/fatigue; not a primary effect estimate.
robustness,06_robustness/order_fatigue_effects.csv,diagnostic,eeg_P_low_beta,order_fatigue,round,0,0,1,,,,,,,,Correlation diagnostic for order/fatigue; not a primary effect estimate.
robustness,06_robustness/order_fatigue_effects.csv,diagnostic,eeg_P_high_beta,order_fatigue,position,0,1130,1,-0.0144964532679879,,,,,,,Correlation diagnostic for order/fatigue; not a primary effect estimate.
robustness,06_robustness/order_fatigue_effects.csv,diagnostic,eeg_P_high_beta,order_fatigue,block,0,1130,1,0.0469087220996632,,,,,,,Correlation diagnostic for order/fatigue; not a primary effect estimate.
robustness,06_robustness/order_fatigue_effects.csv,diagnostic,eeg_P_high_beta,order_fatigue,round,0,0,1,,,,,,,,Correlation diagnostic for order/fatigue; not a primary effect estimate.
robustness,06_robustness/order_fatigue_effects.csv,diagnostic,eeg_O_theta,order_fatigue,position,0,1130,1,0.0109347931218773,,,,,,,Correlation diagnostic for order/fatigue; not a primary effect estimate.
robustness,06_robustness/order_fatigue_effects.csv,diagnostic,eeg_O_theta,order_fatigue,block,0,1130,1,0.0081227348317836,,,,,,,Correlation diagnostic for order/fatigue; not a primary effect estimate.
robustness,06_robustness/order_fatigue_effects.csv,diagnostic,eeg_O_theta,order_fatigue,round,0,0,1,,,,,,,,Correlation diagnostic for order/fatigue; not a primary effect estimate.
robustness,06_robustness/order_fatigue_effects.csv,diagnostic,eeg_O_alpha,order_fatigue,position,0,1130,1,0.0939742550300508,,,,,,,Correlation diagnostic for order/fatigue; not a primary effect estimate.
robustness,06_robustness/order_fatigue_effects.csv,diagnostic,eeg_O_alpha,order_fatigue,block,0,1130,1,0.1607591478238969,,,,,,,Correlation diagnostic for order/fatigue; not a primary effect estimate.
robustness,06_robustness/order_fatigue_effects.csv,diagnostic,eeg_O_alpha,order_fatigue,round,0,0,1,,,,,,,,Correlation diagnostic for order/fatigue; not a primary effect estimate.
robustness,06_robustness/order_fatigue_effects.csv,diagnostic,eeg_O_beta,order_fatigue,position,0,1130,1,-0.0082383725027779,,,,,,,Correlation diagnostic for order/fatigue; not a primary effect estimate.
robustness,06_robustness/order_fatigue_effects.csv,diagnostic,eeg_O_beta,order_fatigue,block,0,1130,1,0.0240595429761671,,,,,,,Correlation diagnostic for order/fatigue; not a primary effect estimate.
robustness,06_robustness/order_fatigue_effects.csv,diagnostic,eeg_O_beta,order_fatigue,round,0,0,1,,,,,,,,Correlation diagnostic for order/fatigue; not a primary effect estimate.
robustness,06_robustness/order_fatigue_effects.csv,diagnostic,eeg_O_low_beta,order_fatigue,position,0,1130,1,0.0009883273601702,,,,,,,Correlation diagnostic for order/fatigue; not a primary effect estimate.
robustness,06_robustness/order_fatigue_effects.csv,diagnostic,eeg_O_low_beta,order_fatigue,block,0,1130,1,0.0164279130505088,,,,,,,Correlation diagnostic for order/fatigue; not a primary effect estimate.
robustness,06_robustness/order_fatigue_effects.csv,diagnostic,eeg_O_low_beta,order_fatigue,round,0,0,1,,,,,,,,Correlation diagnostic for order/fatigue; not a primary effect estimate.
robustness,06_robustness/order_fatigue_effects.csv,diagnostic,eeg_O_high_beta,order_fatigue,position,0,1130,1,-0.0135617294916258,,,,,,,Correlation diagnostic for order/fatigue; not a primary effect estimate.
robustness,06_robustness/order_fatigue_effects.csv,diagnostic,eeg_O_high_beta,order_fatigue,block,0,1130,1,0.0279451069856698,,,,,,,Correlation diagnostic for order/fatigue; not a primary effect estimate.
robustness,06_robustness/order_fatigue_effects.csv,diagnostic,eeg_O_high_beta,order_fatigue,round,0,0,1,,,,,,,,Correlation diagnostic for order/fatigue; not a primary effect estimate.
robustness,06_robustness/order_fatigue_effects.csv,diagnostic,TFD_ms,order_fatigue,position,0,988,1,-0.1465600092830269,,,,,,,Correlation diagnostic for order/fatigue; not a primary effect estimate.
robustness,06_robustness/order_fatigue_effects.csv,diagnostic,TFD_ms,order_fatigue,block,0,988,1,0.0076922555666874,,,,,,,Correlation diagnostic for order/fatigue; not a primary effect estimate.
robustness,06_robustness/order_fatigue_effects.csv,diagnostic,TFD_ms,order_fatigue,round,0,0,1,,,,,,,,Correlation diagnostic for order/fatigue; not a primary effect estimate.
robustness,06_robustness/order_fatigue_effects.csv,diagnostic,TFD,order_fatigue,position,0,988,1,-0.1465600092830269,,,,,,,Correlation diagnostic for order/fatigue; not a primary effect estimate.
robustness,06_robustness/order_fatigue_effects.csv,diagnostic,TFD,order_fatigue,block,0,988,1,0.0076922555666874,,,,,,,Correlation diagnostic for order/fatigue; not a primary effect estimate.
robustness,06_robustness/order_fatigue_effects.csv,diagnostic,TFD,order_fatigue,round,0,0,1,,,,,,,,Correlation diagnostic for order/fatigue; not a primary effect estimate.
robustness,06_robustness/order_fatigue_effects.csv,diagnostic,TTFF_ms,order_fatigue,position,0,988,1,-0.0116560510987493,,,,,,,Correlation diagnostic for order/fatigue; not a primary effect estimate.
robustness,06_robustness/order_fatigue_effects.csv,diagnostic,TTFF_ms,order_fatigue,block,0,988,1,-0.0569468557402986,,,,,,,Correlation diagnostic for order/fatigue; not a primary effect estimate.
robustness,06_robustness/order_fatigue_effects.csv,diagnostic,TTFF_ms,order_fatigue,round,0,0,1,,,,,,,,Correlation diagnostic for order/fatigue; not a primary effect estimate.
robustness,06_robustness/order_fatigue_effects.csv,diagnostic,TTFF,order_fatigue,position,0,988,1,-0.0116560510987493,,,,,,,Correlation diagnostic for order/fatigue; not a primary effect estimate.
robustness,06_robustness/order_fatigue_effects.csv,diagnostic,TTFF,order_fatigue,block,0,988,1,-0.0569468557402986,,,,,,,Correlation diagnostic for order/fatigue; not a primary effect estimate.
robustness,06_robustness/order_fatigue_effects.csv,diagnostic,TTFF,order_fatigue,round,0,0,1,,,,,,,,Correlation diagnostic for order/fatigue; not a primary effect estimate.
robustness,06_robustness/order_fatigue_effects.csv,diagnostic,attention_share,order_fatigue,position,0,988,1,-0.1482349105321136,,,,,,,Correlation diagnostic for order/fatigue; not a primary effect estimate.
robustness,06_robustness/order_fatigue_effects.csv,diagnostic,attention_share,order_fatigue,block,0,988,1,0.0023312072709744,,,,,,,Correlation diagnostic for order/fatigue; not a primary effect estimate.
robustness,06_robustness/order_fatigue_effects.csv,diagnostic,attention_share,order_fatigue,round,0,0,1,,,,,,,,Correlation diagnostic for order/fatigue; not a primary effect estimate.
robustness,06_robustness/order_fatigue_effects.csv,diagnostic,FCR,order_fatigue,position,0,1130,1,-0.0549957478171832,,,,,,,Correlation diagnostic for order/fatigue; not a primary effect estimate.
robustness,06_robustness/order_fatigue_effects.csv,diagnostic,FCR,order_fatigue,block,0,1130,1,-0.0335355320416245,,,,,,,Correlation diagnostic for order/fatigue; not a primary effect estimate.
robustness,06_robustness/order_fatigue_effects.csv,diagnostic,FCR,order_fatigue,round,0,0,1,,,,,,,,Correlation diagnostic for order/fatigue; not a primary effect estimate.
robustness,06_robustness/order_fatigue_effects.csv,diagnostic,TFD_total_trial,order_fatigue,position,0,1130,1,-0.0257073125828205,,,,,,,Correlation diagnostic for order/fatigue; not a primary effect estimate.
robustness,06_robustness/order_fatigue_effects.csv,diagnostic,TFD_total_trial,order_fatigue,block,0,1130,1,-0.0003464630685292,,,,,,,Correlation diagnostic for order/fatigue; not a primary effect estimate.
robustness,06_robustness/order_fatigue_effects.csv,diagnostic,TFD_total_trial,order_fatigue,round,0,0,1,,,,,,,,Correlation diagnostic for order/fatigue; not a primary effect estimate.
robustness,06_robustness/order_fatigue_effects.csv,diagnostic,ttff_source,order_fatigue,position,0,0,1,,,,,,,,Correlation diagnostic for order/fatigue; not a primary effect estimate.
robustness,06_robustness/order_fatigue_effects.csv,diagnostic,ttff_source,order_fatigue,block,0,0,1,,,,,,,,Correlation diagnostic for order/fatigue; not a primary effect estimate.
robustness,06_robustness/order_fatigue_effects.csv,diagnostic,ttff_source,order_fatigue,round,0,0,1,,,,,,,,Correlation diagnostic for order/fatigue; not a primary effect estimate.
